Species,Order,Spec.syn,gen_spec,Taxa,Mass_g,Tb,Tlc,Tuc,BMR_mlO2_h,CMIN_mlO2_hC,BMR_W,Source,diet,ForStrat,Nocturnal,Climate_McN,Torpor_McN,torpor,Nconstrained,Sconstrained,Tmin,Tmedian.min,T5q.min,T10q.min,Tsd.min,Tmad.min,Tmax,Tmedian.max,T5q.max,T10q.max,Tsd.max,Tmad.max,UpperLat,LowerLat,ShapeName,Area
Columba livia,Columbiformes,Columba livia,Columba_livia,Bird,467,41.6,23,36.5,247.6,13.31,1.658333333,KhaliqHof,PlantSeed,NA,0,T,N,0,0,0,-38.8,-15.1,-28.7,-27,15.9841511,16.60512,43.4,34.3,41.7,40.7,6.928790414,7.413,65.45892334,-46.62738037,Columba_livia_22690066,2117
Columbina inca,Columbiformes,Columbina inca,Columbina_inca,Bird,41.5,40.2,32,35,44.9,5.48,0.261111111,KhaliqHof,PlantSeed,NA,0,T,N,0,0,0,-11.3,-1.8,-9.2,-7.9,9.468682288,6.37518,42.6,35.1,37.8,37.5,1.841270009,1.77912,36.85809326,8.709472656,Columbina_inca_22690762,382
Geophaps plumifera,Columbiformes,Geophaps plumifera,Geophaps_plumifera,Bird,89,40.5,33,39,72.7,9.69,0.422222222,KhaliqHof,PlantSeed,NA,0,TR,N,0,1,0,3.6,5.9,3.9,4,2.795288141,1.92738,40,37.7,39.7,39.5,1.31687762,1.63086,-13.85435642,-28.14720968,Geophaps_plumifera_22725173,265
Leucosarcia melanoleuca,Columbiformes,Leucosarcia melanoleuca,Leucosarcia_melanoleuca,Bird,468,40.7,24,36,287.8,17.23,1.672222222,KhaliqHof,Omnivore,NA,0,T,N,0,0,1,3.9,6.2,4.14,4.44,1.202143994,1.33434,33.9,30.3,31.4,31.3,1.491445079,0.88956,-20.06359863,-39.13891602,Leucosarcia_melanoleuca_22690727,105
Phoeniculus purpureus,Coraciiformes,Phoeniculus purpureus,Phoeniculus_purpureus,Bird,72.19,39.3,23.1,35,113.8,7.02,0.347222222,KhaliqHof,Invertebrate,NA,0,TR,N,0,0,0,7.7,14.2,9.475,11.75,2.351219283,1.4826,42.2,40.7,42,41.9,2.296989113,1.18608,17.37768555,-34.21447754,Phoeniculus_purpureus_22682667,716
Daptrius ater,Falconiformes,Daptrius ater,Daptrius_ater,Bird,362,39.1,19.5,35,206.5,10.54,1.2,KhaliqHof,VertFishScav,NA,0,TR,N,0,0,0,-4.7,13.7,4.93,7.53,4.927565753,3.11346,36.1,32.3,34.935,34.3,2.321917895,1.33434,10.26251221,-17.57897949,Daptrius_ater_22696226,414
Falco rupicoloides,Falconiformes,Falco rupicoloides,Falco_rupicoloides,Bird,214,40,15,33,247.5,9.9,NA,KhaliqHof,Invertebrate,NA,0,NA,NA,NA,0,1,-3.4,8.1,-1.2,-0.3,5.55440214,7.11648,42.2,33.35,41.2,40.85,4.248170948,3.03933,17.13867188,-34.00628662,Falco_rupicoloides_22696398,356
Leipoa ocellata,Galliformes,Leipoa ocellata,Leipoa_ocellata,Bird,1390,39.7,22,37,691.2,39.05,NA,KhaliqHof,PlantSeed,NA,0,NA,NA,NA,0,1,1.1,4.7,3,3.4,1.420285845,1.03782,38.8,33.8,37.7,37.4,2.778123556,3.11346,-25.51629639,-37.03991699,Leipoa_ocellata_22678646,391
Callipepla gambelii,Galliformes,Callipepla gambelii,Callipepla_gambelii,Bird,125.5,40,34,42,130,21.67,0.755555556,KhaliqHof,PlantSeed,NA,0,T,N,0,0,0,-20.4,-10.3,-15.23,-14.82,5.281548183,6.6717,45.4,37.1,40.14,39.5,1.916289912,1.18608,45.43829346,24.57928467,Callipepla_gambelii_22679609,159
Alectoris chukar,Galliformes,Alectoris chukar,Alectoris_chukar,Bird,475,40.7,24,39,337.5,20.21,1.961111111,KhaliqHof,PlantSeed,NA,0,T,N,0,0,0,-36.9,-12.9,-31.4,-28.2,10.10381798,11.56428,46.7,31.9,43.3,41.7,7.056656904,6.37518,54.57312012,-45.57128906,Alectoris_chukar_22678691,1471
Coturnix chinensis,Galliformes,Synoicus chinensis,Coturnix_chinensis,Bird,44.9,39,27,35,63.1,5.26,0.366666667,KhaliqHof,PlantSeed,NA,0,TR,N,0,0,1,-11.9,9.9,0.1,0.9,8.87834541,13.04688,41.4,32.1,38.45,37.6,3.993692054,2.07564,28.96163349,-39.24136011,Synoicus_chinensis_22678979,971
Coturnix pectoralis,Galliformes,Coturnix pectoralis,Coturnix_pectoralis,Bird,95.8,41.6,27,35,109.5,7.5,0.636111111,KhaliqHof,PlantSeed,NA,0,T,N,0,0,1,-1.5,6.6,4.82,5.5,1.592566335,1.33434,39.6,37.1,39.4,38.6,2.970383618,1.92738,-14.85571289,-42.87762451,Coturnix_pectoralis_22678952,485
Lagopus leucura,Galliformes,Lagopus leucura,Lagopus_leucura,Bird,326,39.9,6,38,406.3,11.99,NA,KhaliqHof,PlantSeed,NA,0,NA,NA,NA,0,0,-35.1,-29.3,-34.3,-33.8,7.212138074,6.6717,33.2,18.7,26,22.8,3.775583434,3.55824,67.72052002,35.06530762,Lagopus_leucura_22679473,581
Syrmaticus humiae,Galliformes,Syrmaticus humiae,Syrmaticus_humiae,Bird,398.83,40.36,23,29.2,773.9,48.8,NA,KhaliqHof,PlantSeed,NA,0,NA,NA,NA,0,0,-7.4,2.7,-2.51,-1.4,4.079340649,3.55824,35.2,29.3,34.57,33.4,2.952452609,3.26172,27.44873047,19.14172363,Syrmaticus_humiae_22679330,167
Syrmaticus ellioti,Galliformes,Syrmaticus ellioti,Syrmaticus_ellioti,Bird,388.25,40.47,24.5,31.6,504.8,28.9,NA,KhaliqHof,PlantSeed,NA,0,NA,NA,NA,0,0,-1.2,0.6,-0.695,-0.59,1.066029543,1.03782,34.5,32.3,34,33.59,1.330010813,1.03782,31.31231689,24.31152344,Syrmaticus_ellioti_22679325,162
Aramides cajanea,Gruiformes,Aramides cajaneus,Aramides_cajanea,Bird,374.3,40.2,30,38,265.3,26.01,1.541666667,KhaliqHof,Omnivore,NA,0,TR,N,0,0,0,-2.6,14.4,4.9,6.6,5.274977284,6.81996,35.7,32.4,34.9,34.3,1.584994704,1.33434,23.1217041,-35.25128174,Aramides_cajaneus_22692570,766
Gallinula ventralis,Gruiformes,Tribonyx ventralis,Gallinula_ventralis,Bird,309.2,39.7,20,40,277.7,14.1,1.613888889,KhaliqHof,PlantSeed,NA,0,T,N,0,0,1,-3.4,6.9,2.34,4.04,2.352635075,1.63086,40.5,37.4,39.48,38.76,2.711759409,1.63086,-14.76098633,-38.90991211,Tribonyx_ventralis_22692893,485
Porphyrio porphyrio,Gruiformes,Porphyrio porphyrio,Porphyrio_porphyrio,Bird,919.3,39.6,14,38,636.2,24.85,3.697222222,KhaliqHof,PlantSeed,NA,0,TR,N,0,0,1,-21.1,12.2,-9.48,-3,10.53874914,13.49166,43,31.8,39.9,38.9,5.624295315,5.33736,47.50848389,-46.67529297,Porphyrio_porphyrio_22692792,2229
Eremalauda dunni,Passeriformes,Eremalauda dunni,Eremalauda_dunni,Bird,20.6,40,31.5,41,47.8,5.62,0.277777778,KhaliqHof,PlantSeed,NA,0,TR,N,0,0,0,0.1,11.1,1.8,3.72,3.720962205,2.52042,47.3,40.4,46.4,45.4,3.148380433,2.2239,33.74951172,12.31152344,Eremalauda_dunni_22717376,663
Cardinalis cardinalis,Passeriformes,Cardinalis cardinalis,Cardinalis_cardinalis,Bird,41,38.9,29,42.6,86.5,8.74,0.502777778,KhaliqHof,PlantSeed,NA,0,T,N,0,0,0,-21.7,-13.1,-20.5,-19.3,9.085959373,6.6717,42.3,32.1,37.3,36.18,4.03184861,3.7065,47.33752441,15.64569092,Cardinalis_cardinalis_22723819,643
Cardinalis sinuatus,Passeriformes,Cardinalis sinuatus,Cardinalis_sinuatus,Bird,32,38.7,30,42.8,67.4,7.75,0.391666667,KhaliqHof,PlantSeed,NA,0,T,N,0,0,0,-11,-4.05,-8.74,-7.74,4.90474481,4.37367,40.6,33.6,35.935,35.67,2.647653965,1.92738,34.88250732,20.30108643,Cardinalis_sinuatus_22723825,214
Coereba flaveola,Passeriformes,Coereba flaveola,Coereba_flaveola,Bird,10,40.7,25,35,36.8,2.34,0.213888889,KhaliqHof,FruiNect,NA,0,TR,N,0,0,0,6.2,14.8,8.025,9.65,3.290255971,2.81694,35.7,32.2,34.9,34.1,1.296168664,0.88956,27.2321167,-33.00500488,Coereba_flaveola_22722080,746
Aphelocoma coerulescens,Passeriformes,Aphelocoma coerulescens,Aphelocoma_coerulescens,Bird,78.72,41.5,12.4,24,165.4,5.68,NA,KhaliqHof,Omnivore,NA,0,NA,NA,NA,0,1,5.6,6.85,5.7,5.7,2.241546471,1.55673,33.3,32.85,33.115,33.1,0.479575737,0.37065,30.50512695,25.49291992,Aphelocoma_coerulescens_22705629,38
Pica nuttalli,Passeriformes,Pica nuttalli,Pica_nuttalli,Bird,151.9,39.4,13.5,33.5,252.4,9.75,1.466666667,KhaliqHof,Omnivore,NA,0,T,N,0,0,0,-10.1,-2.9,-7.66,-6.52,3.197198066,4.29954,36.8,30,36.26,33.78,4.956129014,4.4478,40.88592529,34.39672852,Pica_nuttalli_22705874,53
Pica pica,Passeriformes,Pica pica,Pica_pica,Bird,158.9,39.5,21,32.5,206,11.14,1.197222222,KhaliqHof,VertFishScav,NA,0,T,N,0,0,0,-45.9,-27.9,-40.445,-38.89,12.52545617,9.48864,46.1,30.3,42.145,38.78,9.175956454,7.26474,71.18811035,14.9744873,Pica_pica_22705865,3172
Amadina fasciata,Passeriformes,Amadina fasciata,Amadina_fasciata,Bird,17.2,43.1,31,38,36.8,3.04,0.213888889,KhaliqHof,PlantSeed,NA,0,T/TR,N,0,0,0,-5.6,14.5,1.4,4.01,5.48012165,3.26172,43.1,40.4,42.4,42.1,2.838615332,1.92738,21.65130615,-30.60699463,Amadina_fasciata_22719927,762
Erythrura gouldiae,Passeriformes,Erythrura gouldiae,Erythrura_gouldiae,Bird,15.5,42.1,31.7,38,37.4,3.6,NA,KhaliqHof,PlantSeed,NA,0,NA,NA,NA,1,0,11.3,13.6,11.8,12.03,0.922862927,0.96369,39.3,37.6,38.97,38.8,0.782228176,0.88956,-12.4486084,-18.37597656,Erythrura_gouldiae_22719744,114
Carpodacus mexicanus,Passeriformes,Carpodacus mexicanus,Carpodacus_mexicanus,Bird,20.4,39,25,33,53.5,3.15,0.311111111,KhaliqHof,PlantSeed,NA,0,T,N,0,0,0,-19.7,-14.2,-18.3,-18,3.98668816,4.00302,37.5,31.5,35.55,34.4,4.736606404,4.00302,50.65167236,16.78808594,Carpodacus_mexicanus_22720563,771
Lanius collaris,Passeriformes,Lanius collaris,Lanius_collaris,Bird,43.8,40,25,35,32,2.13,NA,KhaliqHof,Invertebrate,NA,0,NA,NA,NA,0,1,5.6,13.25,7.2,7.7,5.688165038,8.08017,41.4,33.4,38.6,37.7,2.716712583,2.66868,16.70690918,-34.83978272,Lanius_collaris_22705074,626
Malurus cyaneus,Passeriformes,Malurus cyaneus,Malurus_cyaneus,Bird,8.2,41,26,35,24.9,1.66,NA,KhaliqHof,Invertebrate,NA,0,NA,NA,NA,0,1,1.9,5.1,3.3,3.6,2.806954327,2.07564,34.9,32.4,34.5,33.7,1.594555989,1.4826,-22.76428223,-43.61572266,Malurus_cyaneus_22703736,221
Eremiornis carteri,Passeriformes,Eremiornis carteri,Eremiornis_carteri,Bird,12.3,39.1,30,39,34.1,3.75,NA,KhaliqHof,Invertebrate,NA,0,NA,NA,NA,0,0,2.1,7,3.1,3.9,1.879462633,1.4826,41.2,38.5,40.79,40.2,1.502063319,1.4826,-16.85070801,-26.78277588,Eremiornis_carteri_22715517,403
Passer domesticus,Passeriformes,Passer domesticus,Passer_domesticus,Bird,23,38.6,20,35,63.1,3.39,0.366666667,KhaliqHof,PlantSeed,NA,0,T,N,0,0,0,-55.5,-24,-44.9,-42.3,19.95866653,17.64294,47.1,29.4,42.9,38.1,7.344559999,6.96822,71.18811035,-55.97680664,Passer_domesticus_22718174,3453
Onychognathus morio,Passeriformes,Onychognathus morio,Onychognathus_morio,Bird,128,39.1,15,30,221.3,9.18,NA,KhaliqHof,Omnivore,NA,0,NA,NA,NA,0,1,-1.9,13.9,5.7,8,3.770351937,1.92738,42.4,38.1,41.8,41.5,3.812499679,3.7065,17.45269775,-34.83978272,Onychognathus_morio_22710610,658
Onychognathus tristramii,Passeriformes,Onychognathus tristramii,Onychognathus_tristramii,Bird,123,40.6,21.5,36.5,196,10.26,NA,KhaliqHof,FruiNect,NA,0,NA,NA,NA,0,0,1.1,9.8,2.98,3.56,3.350040665,3.26172,43.6,36.3,40.5,40.3,3.340168449,4.4478,33.06768799,13.34887695,Onychognathus_tristramii_22710604,277
Acridotheres cristatellus,Passeriformes,Acridotheres cristatellus,Acridotheres_cristatellus,Bird,117.7,41.4,25,32.5,119.5,7.29,1.2092,KhaliqHof,Omnivore,NA,0,NA,NA,NA,0,1,-18.8,-4.7,-16.06,-13.56,8.384703207,4.4478,34.8,31.7,33.63,33.16,1.854234324,1.33434,49.29187012,-1.049377441,Acridotheres_cristatellus_22710946,355
Hylophylax naevioides,Passeriformes,Hylophylax naevioides,Hylophylax_naevioides,Bird,16.1,40,30,34,41.1,4.11,0.238888889,KhaliqHof,Invertebrate,NA,0,TR,N,0,0,0,8,17.9,10.26,13.2,3.030826928,2.2239,35,31.6,34.4,34.2,2.238484437,1.92738,16.02709961,-2.894897461,Hylophylax_naevioides_22701911,185
Cyanerpes cyaneus,Passeriformes,Cyanerpes cyaneus,Cyanerpes_cyaneus,Bird,13.5,40.22,25,35,46.8,3.07,0.272222222,KhaliqHof,FruiNect,NA,0,TR,N,0,0,0,2.4,17.1,10.7,12.4,3.440083778,2.9652,36.6,32.4,35,34.3,1.701617511,1.18608,23.1940918,-23.35791016,Cyanerpes_cyaneus_22723012,774
Thryothorus ludovicianus,Passeriformes,Thryothorus ludovicianus,Thryothorus_ludovicianus,Bird,14.9,39.4,27,35,61.7,4.98,0.358333333,KhaliqHof,Invertebrate,NA,0,T,N,0,0,0,-15.3,-10.2,-14.7,-13.4,3.806263786,2.52042,36.9,32.1,34.1,33.2,2.387754018,1.18608,45.64331055,12.63751221,Thryothorus_ludovicianus_22711450,381
Aulacorhynchus prasinus,Piciformes,Aulacorhynchus prasinus,Aulacorhynchus_prasinus,Bird,174.7,38.1,23,34,142.9,9.46,0.830555556,KhaliqHof,Omnivore,NA,0,TR,N,0,0,0,1.4,16.8,3.27,4.28,5.64175782,2.81694,35.7,33.6,35.4,35.22,1.175234315,1.18608,22.91302846,12.47408364,Aulacorhynchus_prasinus_22726170,179
Aulacorhynchus sulcatus,Piciformes,Aulacorhynchus sulcatus,Aulacorhynchus_sulcatus,Bird,131.7,38.8,23,31,116.6,7.38,0.677777778,KhaliqHof,Omnivore,NA,0,TR,N,0,1,0,10.6,17,11.975,13.95,2.409875515,2.52042,33.4,30.4,32.55,32.2,2.434447234,1.63086,11.30698305,9.778033443,Aulacorhynchus_sulcatus_61567591,76
Pteroglossus aracari,Piciformes,Pteroglossus aracari,Pteroglossus_aracari,Bird,200.7,40.9,29,35,153,12.86,0.888888889,KhaliqHof,FruiNect,NA,0,TR,N,0,0,0,5.8,17,8.25,11.65,3.73172304,3.7065,35.8,32.15,34.5,33,1.492035192,0.81543,10.76507568,-28.08770752,Pteroglossus_aracari_22682017,356
Ramphastos dicolorus,Piciformes,Ramphastos dicolorus,Ramphastos_dicolorus,Bird,328.9,39.2,20,34,217.5,11.33,1.263888889,KhaliqHof,FruiNect,NA,0,TR,N,0,0,0,7.6,10.9,8.1,8.7,2.182979885,2.2239,34.9,31.4,33.76,32.8,1.434222893,1.18608,-17.42370605,-30.3302002,Ramphastos_dicolorus_22682129,209
Ramphastos toco,Piciformes,Ramphastos toco,Ramphastos_toco,Bird,582,39.1,17,34,416.8,18.86,2.422222222,KhaliqHof,FruiNect,NA,0,TR,N,0,0,0,5.4,9.9,6.5,7.42,2.955024249,3.26172,34.8,32.8,34.54,34.3,1.265526174,0.88956,7.29888916,-33.75070572,Ramphastos_toco_22682164,333
Ramphastos tucanus,Piciformes,Ramphastos tucanus,Ramphastos_tucanus,Bird,420.3,39.6,25,35,294,20.14,1.708333333,KhaliqHof,FruiNect,NA,0,TR,N,0,0,0,15.7,20.8,16.38,17.1,2.009067793,2.07564,36.2,33.3,35.22,35.1,1.264261352,1.18608,10.76507568,-10.6543418,Ramphastos_tucanus_22682153,297
Selenidera maculirostris,Piciformes,Selenidera maculirostris,Selenidera_maculirostris,Bird,130.5,38.6,24,34,186.4,12.77,NA,KhaliqHof,FruiNect,NA,0,NA,NA,NA,0,0,8.4,11.1,9.13,9.76,2.228518717,1.03782,32.1,30.1,31.57,31.34,1.370020628,1.18608,-14.13928223,-30.20617676,Selenidera_maculirostris_22682093,207
Amazona viridigenalis,Psittaciformes,Amazona viridigenalis,Amazona_viridigenalis,Bird,341,41.1,26.5,35,344.2,23.58,NA,KhaliqHof,PlantSeed,NA,0,NA,NA,NA,0,0,7.1,9.8,7.1,7.25,3.503535826,3.55824,37.6,35.5,37.475,37.25,1.902380914,2.29803,25.92169189,19.84692383,Amazona_viridigenalis_22686259,46
Bolborhynchus lineola,Psittaciformes,Bolborhynchus lineola,Bolborhynchus_lineola,Bird,55.7,40.4,28,32,107.1,8.64,NA,KhaliqHof,PlantSeed,NA,0,NA,NA,NA,0,0,-6.6,12.5,0,2.2,5.632129515,4.4478,34.2,28.4,32.4,31.6,2.990960477,2.81694,20.1321893,-17.86581682,Bolborhynchus_lineola_22685913,341
Neophema pulchella,Psittaciformes,Neophema pulchella,Neophema_pulchella,Bird,40,40,28.3,32,94.2,8.05,0.580555556,KhaliqHof,PlantSeed,NA,0,T,N,0,0,1,-2.2,5.05,-1.85,-0.65,3.09109084,2.9652,35.4,33.1,35.2,34.85,1.781577178,1.92738,-25.76092529,-38.05718994,Neophema_pulchella_22685209,116
Neophema splendida,Psittaciformes,Neophema splendida,Neophema_splendida,Bird,40.86,40,26,29,90.8,6.49,NA,KhaliqHof,PlantSeed,NA,0,NA,NA,NA,0,1,2.6,4.5,3.7,3.8,0.585348288,0.59304,38.7,35.3,38.365,37.4,1.737514721,1.77912,-25.78588867,-35.19061279,Neophema_splendida_22685214,208
Bubo virginianus,Strigiformes,Bubo virginianus,Bubo_virginianus,Bird,1000,39.9,20.3,32.2,746.7,38.1,4.338888889,KhaliqHof,VertFishScav,NA,1,T/TR,N,0,0,0,-36.8,-29.9,-35.8,-35.3,17.56232482,4.74432,37.8,27.9,35.65,34.8,8.379849114,9.78516,68.51971436,-35.8013916,Bubo_virginianus_61752071,1651
Glaucidium gnoma,Strigiformes,Glaucidium gnoma,Glaucidium_gnoma,Bird,52,39,27,34,71.7,5.98,0.463888889,KhaliqHof,Invertebrate,NA,1,T/TR,N,0,0,0,-11.1,2.1,-10.405,-9.33,6.390025027,5.48562,40.7,34.05,38.9,37.82,3.243526835,2.59455,35.09038053,16.08565014,Glaucidium_gnoma_61791135,200
Megascops asio,Strigiformes,Megascops asio,Megascops_asio,Bird,141.5,39,26,34,85.1,6.55,0.586,KhaliqHof,Omnivore,NA,1,NA,NA,NA,0,0,-24.5,-16.8,-23.6,-23.2,4.248573097,4.00302,37.8,31.9,34.9,34.5,3.27484343,1.63086,50.05749512,11.39831543,Megascops_asio_22688758,509
Strix occidentalis,Strigiformes,Strix occidentalis,Strix_occidentalis,Bird,571,38.5,17,25.2,460.3,21.41,2.675,KhaliqHof,VertFishScav,NA,1,T,N,0,0,0,-21.7,-10.4,-18.14,-16.42,7.3869473,6.37518,41.3,31.4,40.2,38.64,5.131979615,4.89258,51.60949707,19.46612549,Strix_occidentalis_22689089,273
Tyto alba,Strigiformes,Tyto alba,Tyto_alba,Bird,533.2,37.8,22.5,32.5,308.8,20.18,1.794444444,KhaliqHof,VertFishScav,NA,1,T/TR,N,0,0,1,-23.4,3.55,-16.5,-13.7,13.90109527,20.53401,41.3,30.5,36,34.8,5.294729349,4.00302,58.06689453,-55.72027588,Tyto_alba_22688504,3306
Turnix suscitator,Turniciformes,Turnix suscitator,Turnix_suscitator,Bird,58.1,39,33,39,66.4,11.07,0.386111111,KhaliqHof,PlantSeed,NA,0,TR,N,0,0,1,-17.3,6.1,-8.6,-7.11,7.61991315,5.9304,42.2,32.2,38.72,35.31,2.546767916,1.33434,34.80950928,-8.961303711,Turnix_suscitator_22680549,690
Aotus trivirgatus,Aotidae,Aotus trivirgatus,Aotus_trivirgatus,Mammal,1020,38.15,28,30,458.4388889,NA,2.561111111,KhaliqHof,Omnivore,Ar,1,TR,N,0,0,0,17.4,21.5,19.6,19.7,1.09057852,1.18608,36.2,33.2,35.86,35.22,1.374775347,1.63086,7.809835593,-3.250264407,NA,149
Kobus ellipsiprymnus,Artiodactyla,Kobus ellipsiprymnus,Kobus_ellipsiprymnus,Mammal,1.00E+05,38.85,13,37,26658.07222,NA,148.9277778,KhaliqHof,PlantSeed,G,1,TR,N,0,0,0,9.2,15.3,11.7,12.2,2.666992513,2.81694,41.5,39.5,41,40.7,2.118942933,1.18608,16.11533559,-28.75866441,NA,753
Madoqua kirkii,Artiodactyla,Madoqua kirkii,Madoqua_kirkii,Mammal,4600,39.15,25,35,1929.222222,NA,10.77777778,KhaliqHof,PlantSeed,G,1,TR,N,0,0,0,1.7,12.1,2.6,2.9,5.819071744,6.07866,39.2,33.95,38.795,37.79,3.544227994,4.52193,2.845935592,-24.20716441,NA,242
Philantomba monticola,Artiodactyla,Philantomba monticola,Philantomba_monticola,Mammal,4400,39.1,26,32,1806,128.09,10.55277778,KhaliqHof,FruiNect,G,1,T/TR,N,0,0,1,4.4,10.6,5.045,5.4,4.894210399,6.52344,38.8,34.4,38.4,37.8,3.02093109,3.40998,9.143035593,-34.35846441,NA,390
Raphicerus campestris,Artiodactyla,Raphicerus campestris,Raphicerus_campestris,Mammal,8500,39,30,NA,3696,410.67,18.25277778,KhaliqHof,PlantSeed,G,0,T/TR,N,0,0,1,-4.1,8.5,-0.7,0.54,4.896512934,3.85476,36.7,31.4,34.5,33.7,2.178014256,2.37216,0.841435593,-34.83976441,NA,343
Sus scrofa,Artiodactyla,Sus scrofa,Sus_scrofa,Mammal,48000,39.15,4,22,18642.85,NA,104.15,KhaliqHof,PlantSeed,G,1,NA,NA,NA,0,0,-42.1,-21.1,-38.6,-37.2,12.92409541,14.67774,44.3,32.4,42.92,39.4,4.217377367,3.26172,61.52027212,-8.849499702,NA,1817
Pecari tajacu,Artiodactyla,Pecari tajacu,Pecari_tajacu,Mammal,20000,38,28,35,5800,580,32.45,KhaliqHof,PlantSeed,G,1,T/TR,N,0,0,0,-0.1,15.9,2.9,5.9,5.604498432,5.48562,41.6,32.6,36.1,35.1,2.430267625,1.63086,35.0746387,-34.81695562,NA,955
Canis mesomelas,Carnivora,Canis mesomelas,Canis_mesomelas,Mammal,7720,38.15,22,26,3768.944444,NA,21.05555556,KhaliqHof,Omnivore,G,1,T,N,0,0,1,5.3,13.8,5.8,6,6.254414858,9.6369,42.6,35.1,41.3,40.35,3.854170209,4.4478,18.53526369,-34.83982849,NA,476
Canis latrans,Carnivora,Canis latrans,Canis_latrans,Mammal,10000,36,22,26,2700,192.86,15,KhaliqHof,VertFishScav,G,1,T,N,0,0,0,-38.9,-31.9,-36.9,-36.6,4.665668302,3.85476,37.8,25.8,35.9,35.2,8.663822234,13.19514,71.39065552,8.025040627,NA,1212
Vulpes macrotis,Carnivora,Vulpes macrotis,Vulpes_macrotis,Mammal,1868,38,22,33,1143.2,71.45,5.230555556,KhaliqHof,VertFishScav,G,1,T,N,0,0,0,-14.2,-7.9,-11.8,-10.94,5.209306039,3.26172,40.6,31.6,38.5,36.64,3.838161957,4.29954,43.39726092,22.41580199,NA,277
Cerdocyon thous,Carnivora,Cerdocyon thous,Cerdocyon_thous,Mammal,5444,38.6,25,37,1497.1,110.08,8.502777778,KhaliqHof,Invertebrate,G,1,TR,N,0,0,0,-8.2,13.4,5.3,5.9,6.088517193,8.74734,35.8,32.3,34.8,34.25,1.610417117,1.33434,12.22980783,-34.98081589,NA,546
Vulpes zerda,Carnivora,Vulpes zerda,Vulpes_zerda,Mammal,1106,32,23.4,32,23.5,2.73,2.222222222,KhaliqHof,Omnivore,G,1,T,N,0,0,0,-0.7,5.7,1.3,1.9,3.367309477,1.77912,42.2,40.9,42,41.8,1.6904257,1.18608,34.02028955,13.73980651,NA,636
Galerella sanguinea,Carnivora,Herpestes sanguineus,Galerella_sanguinea,Mammal,540,38.7,26,31,410.4,32.31,2.202,KhaliqHof,Invertebrate,G,0,NA,NA,NA,0,0,4.9,14.9,11.3,12.7,2.945907051,2.07564,42.6,40.4,42.1,41.8,2.019318811,1.33434,18.80873559,-31.86006441,NA,827
Suricata suricatta,Carnivora,Suricata suricatta,Suricata_suricatta,Mammal,850,36.3,30,33,310.3,49.25,1.755555556,KhaliqHof,Invertebrate,G,0,T,N,0,0,1,-5.6,5.9,-0.375,0.4,4.005644788,5.04084,34.5,32.1,34.4,34.3,2.602909045,2.29803,-15.77366441,-33.99136441,NA,226
Spilogale putorius,Carnivora,Spilogale putorius,Spilogale_putorius,Mammal,624,36.5,30,36,312,48,1.636111111,KhaliqHof,Omnivore,G,1,T,N,0,0,0,-24.3,-14.8,-23.54,-23,6.704445999,10.3782,37.8,32.6,36.14,35.18,2.117795425,0.7413,49.34874181,24.1839198,NA,353
Eira barbara,Carnivora,Eira barbara,Eira_barbara,Mammal,2950,38.4,26,35,1221.3,98.49,6.811111111,KhaliqHof,VertFishScav,G,1,TR,N,0,0,0,-8.9,16.3,7.35,8.4,4.797819624,4.74432,37.8,32.6,35.9,35.2,3.341736033,3.11346,24.75852385,-33.7567327,NA,831
Nasua nasua,Carnivora,Nasua nasua,Nasua_nasua,Mammal,4000,36.55,25,33,998.4222222,NA,5.577777778,KhaliqHof,FruiNect,S,0,TR,N,0,0,0,2.5,11.3,6.37,6.7,3.531044047,4.59606,35.9,32.5,35.3,34.7,2.448864197,1.18608,9.388376442,-32.48946766,NA,455
Nasua narica,Carnivora,Nasua narica,Nasua_narica,Mammal,5554,38.75,25,35,1205.763889,NA,6.736111111,KhaliqHof,FruiNect,S,0,TR,N,0,0,0,-11.8,16.8,-7.645,-6.2,11.1122352,7.85778,38.9,34.5,37.6,37.19,2.223676398,1.77912,35.33622598,3.992843719,NA,472
Potos flavus,Carnivora,Potos flavus,Potos_flavus,Mammal,2400,36.25,23,30,757.2694444,NA,4.230555556,KhaliqHof,FruiNect,Ar,1,TR,N,0,0,0,-13.9,16.1,3.26,8.9,6.531864941,4.29954,40.6,32.5,35,34.4,1.746274017,1.33434,23.7226737,-23.10621643,NA,813
Ailurus fulgens,Carnivora,Ailurus fulgens,Ailurus_fulgens,Mammal,5740,37.6,25,36,878.2,69.7,4.9,KhaliqHof,PlantSeed,G,1,T,N,0,0,0,-21.8,-13.4,-18.5,-17.7,5.998716697,5.1891,32.8,25.55,30.9,29.97,4.248237815,4.22541,33.67047119,24.1809082,NA,274
Genetta tigrina,Carnivora,Genetta tigrina,Genetta_tigrina,Mammal,1732,38.5,26,35,747.1,59.77,4.25,KhaliqHof,VertFishScav,Ar,1,T,N,0,0,1,-4.1,2.5,-2.52,-2.14,3.119095173,2.9652,35.2,27.6,34.22,32.14,3.251241675,2.81694,-29.49826441,-34.83976441,NA,157
Nandinia binotata,Carnivora,Nandinia binotata,Nandinia_binotata,Mammal,4270,37.4,27,34,862.5,82.93,4.811111111,KhaliqHof,FruiNect,Ar,1,TR,N,0,0,0,8.9,16.5,11.6,12.37,2.882808266,3.11346,40.2,34.9,39.2,38.2,2.543963961,2.07564,13.95503559,-20.72996441,NA,678
Arctictis binturong,Carnivora,Arctictis binturong,Arctictis_binturong,Mammal,14280,36,27,36,1128.1,125.34,6.291666667,KhaliqHof,Omnivore,Ar,1,TR,N,0,0,1,-24,6,-17.83,-14.9,13.32841168,18.5325,35.2,32,33.26,32.6,1.490026594,0.59304,28.69453559,-7.816064407,NA,375
Arctogalidia trivirgata,Carnivora,Arctogalidia trivirgata,Arctogalidia_trivirgata,Mammal,2010,36.2,19,38,552.8,32.14,3.083333333,KhaliqHof,Omnivore,Ar,1,TR,N,0,0,1,-10.4,11.6,-2.81,2.5,8.563336169,10.67472,35.7,32,34.01,32.6,1.33173095,0.59304,28.24083559,-6.900864408,NA,330
Paradoxurus hermaphroditus,Carnivora,Paradoxurus hermaphroditus,Paradoxurus_hermaphroditus,Mammal,3160,36.5,27,36,797.3,83.93,4.230555556,KhaliqHof,Omnivore,Ar,1,TR,N,0,0,1,-24.9,5.7,-20.3,-18.7,14.76957638,21.20118,40.6,32,35.3,34.3,1.566085411,1.33434,32.98190775,-10.37476441,NA,695
Saccopteryx bilineata,Chiroptera,Saccopteryx bilineata,Saccopteryx_bilineata,Mammal,8.2,35.5,30,35,15.3,2.78,0.080555556,KhaliqHof,Invertebrate,A,1,TR,N,0,0,0,-2.5,16.55,6.5,9.59,4.548234339,3.63237,36.3,32.4,35,34.5,1.775453019,1.4826,23.55133559,-23.10626441,NA,850
Peropteryx macrotis,Chiroptera,Peropteryx macrotis,Peropteryx_macrotis,Mammal,5.1,35,30.5,37,11.8,2.62,0.066666667,KhaliqHof,Invertebrate,A,1,TR,Y,1,0,0,-3.9,15.5,3.5,6.1,5.522992047,4.89258,35.5,32.4,34.9,34.4,1.585569456,1.33434,21.60983559,-26.70156441,NA,746
Hipposideros galeritus,Chiroptera,Hipposideros galeritus,Hipposideros_galeritus,Mammal,8.5,31.9,29,32,9.4,3.24,0.052777778,KhaliqHof,Invertebrate,A,1,TR,Y,1,0,1,7,16.8,10.19,10.58,5.189943959,8.1543,42.5,33.2,41.81,41.4,3.735336925,2.37216,26.31193559,-7.816064407,NA,479
Macroderma gigas,Chiroptera,Macroderma gigas,Macroderma_gigas,Mammal,107,35.6,30,35,94.2,16.82,0.525,KhaliqHof,VertFishScav,G,1,TR,N,0,1,0,6.6,10.2,7,7.5,2.391323477,2.9652,41.2,38.1,40.6,40,2.695705741,1.92738,-11.11586441,-24.22206441,NA,365
Molossus molossus,Chiroptera,Molossus molossus,Molossus_molossus,Mammal,15.6,36,32,36,22.5,5.63,0.097222222,KhaliqHof,Invertebrate,A,1,TR,Y,1,0,0,-12.8,11.9,-7.565,-4.29,8.634171744,9.34038,38.9,32.5,35.3,34.9,1.773305908,1.18608,29.34120818,-34.98086441,NA,848
Tadarida brasiliensis,Chiroptera,Tadarida brasiliensis,Tadarida_brasiliensis,Mammal,16.9,36.15,26.3,32.7,20.943,NA,0.117,KhaliqHof,Invertebrate,A,1,NA,NA,NA,0,0,-17.4,0.4,-14.6,-12.4,12.85079836,18.08772,35.7,31.6,34.3,33.7,3.042240686,1.63086,44.20013559,-41.72876441,NA,1042
Chrotopterus auritus,Chiroptera,Chrotopterus auritus,Chrotopterus_auritus,Mammal,96.1,37.2,28,34,141.3,15.36,0.569444444,KhaliqHof,Omnivore,S,1,TR,N,0,0,0,-14.1,15.1,-2.85,7.29,7.190035929,6.22692,35.4,32.4,34.9,34.4,1.711159292,1.33434,21.60983559,-31.44576441,NA,740
Natalus tumidirostris,Chiroptera,Natalus tumidirostris,Natalus_tumidirostris,Mammal,5.4,34,28,35,8.3,1.38,NA,KhaliqHof,Invertebrate,A,1,NA,NA,NA,0,0,4.6,20,11.865,14.83,3.242321907,1.92738,35.4,32,34.535,34.07,1.769044122,1.33434,12.46333559,1.185535593,NA,314
Diaemus youngi,Chiroptera,Diaemus youngi,Diaemus_youngi,Mammal,36.6,33,25,30,37.3,4.66,0.188888889,KhaliqHof,VertFishScav,G,1,T/TR,N,0,0,0,-13.1,12.9,-4,2.26,7.248078971,5.78214,36.7,32.3,35.1,34.6,1.720719161,1.4826,23.86973559,-30.24786441,NA,763
Desmodus rotundus,Chiroptera,Desmodus rotundus,Desmodus_rotundus,Mammal,29.4,35,29,37.5,34.7,5.78,0.15,KhaliqHof,VertFishScav,G,1,T/TR,N,0,0,0,-14.6,13.7,0.35,3.5,6.780907177,7.413,39.3,32.6,35.45,34.8,1.881121901,1.4826,28.12493559,-43.01056441,NA,911
Noctilio albiventris,Chiroptera,Noctilio albiventris,Noctilio_albiventris,Mammal,27,34.2,32,38,31.6,14.36,0.133333333,KhaliqHof,Invertebrate,G,1,TR,N,0,0,0,-14,14.45,-3.375,5.8,7.626856656,7.48713,35.4,32.2,34.4,33.7,1.742660876,1.18608,16.72263559,-30.18046441,NA,702
Noctilio leporinus,Chiroptera,Noctilio leporinus,Noctilio_leporinus,Mammal,61,33.3,28,38,70.8,13.36,0.261111111,KhaliqHof,Invertebrate,G,1,TR,N,0,0,0,-9.6,15.7,1.76,6.9,6.318698807,5.78214,40.6,32.4,35.1,34.2,2.316149028,1.18608,26.18483559,-31.56036441,NA,893
Glossophaga longirostris,Chiroptera,Glossophaga longirostris,Glossophaga_longirostris,Mammal,13.5,37.5,31.5,36,26.5,4.42,NA,KhaliqHof,Omnivore,Ar,1,NA,NA,NA,0,0,3.1,20.3,7.105,11.63,4.504708653,1.77912,35.4,31.4,34.685,34.3,3.632785492,2.37216,13.37783559,0.520935593,NA,264
Glossophaga soricina,Chiroptera,Glossophaga soricina,Glossophaga_soricina,Mammal,9.6,36.5,31.4,35.2,17.7,3.47,0.119444444,KhaliqHof,Omnivore,Ar,1,TR,N,0,0,0,-14,14.4,-6.8,7.6,7.190197745,6.22692,40.5,32.3,35.1,34.5,2.208435759,1.63086,29.56163559,-31.81476441,NA,911
Tonatia bidens,Chiroptera,Tonatia bidens,Tonatia_bidens,Mammal,27.4,37,28,35,55.1,6.12,0.219444444,KhaliqHof,Invertebrate,A,1,TR,N,0,0,0,-13.3,12.3,1.13,4.56,6.483167215,4.74432,35.4,32.6,34.4,34.3,1.578486441,1.63086,-5.044264407,-27.12396441,NA,407
Rhinophylla pumilio,Chiroptera,Rhinophylla pumilio,Rhinophylla_pumilio,Mammal,9.5,36,30,35,18.6,3.1,NA,KhaliqHof,FruiNect,Ar,1,NA,NA,NA,0,0,-13.1,14.5,-6.4,-2.58,8.080263783,4.00302,35.8,32.5,35.1,34.8,2.538191474,1.63086,10.24533559,-19.68836441,NA,533
Phyllostomus hastatus,Chiroptera,Phyllostomus hastatus,Phyllostomus_hastatus,Mammal,84.2,35,25,35,100.2,10.02,0.394444444,KhaliqHof,VertFishScav,S,1,TR,N,0,0,0,-13,13.1,-6.8,-4.87,8.664154097,7.413,35.4,32.2,34.5,33.87,1.492253837,1.18608,16.48623559,-24.23226441,NA,654
Artibeus lituratus,Chiroptera,Artibeus lituratus,Artibeus_lituratus,Mammal,70.1,36.7,25,36,108,9.23,0.483333333,KhaliqHof,FruiNect,Ar,1,TR,N,0,0,0,-14,14.7,-7.33,-3.28,8.361052767,6.6717,40.2,32.4,35.53,34.8,2.399612844,1.63086,26.49293559,-29.57646441,NA,895
Phyllostomus discolor,Chiroptera,Phyllostomus discolor,Phyllostomus_discolor,Mammal,33.5,34,25,37,47.9,5.32,0.191666667,KhaliqHof,Omnivore,S,1,TR,N,0,0,0,-3.7,15.1,5.11,9.4,4.625862566,4.59606,35.6,32.3,34.5,34,1.796793044,1.33434,19.64123559,-24.72086441,NA,743
Carollia perspicillata,Chiroptera,Carollia perspicillata,Carollia_perspicillata,Mammal,14.9,36.6,29,35,43.1,5.67,0.175,KhaliqHof,FruiNect,Ar,1,TR,N,0,0,0,-14,13.1,-6.105,-3.41,8.535237288,7.70952,35.4,32.5,34.9,34.4,1.549693595,1.33434,21.60573559,-29.91056441,NA,760
Artibeus jamaicensis,Chiroptera,Artibeus jamaicensis,Artibeus_jamaicensis,Mammal,45.2,36,25,35,76.8,6.98,0.316666667,KhaliqHof,FruiNect,Ar,1,TR,N,0,0,0,0.3,17.5,3.9,5.7,4.940429986,1.63086,37.5,32.5,34.5,33.9,1.956104387,1.18608,23.85953559,-6.961764407,NA,496
Sturnira lilium,Chiroptera,Sturnira lilium,Sturnira_lilium,Mammal,21.9,36.6,30,35.5,53.2,8.06,0.219444444,KhaliqHof,FruiNect,Ar,1,T/TR,N,0,0,0,-12.8,14.6,-1.475,5.4,7.33844069,7.26474,39.9,32.3,35.1,34.7,2.310923425,1.63086,29.98403559,-34.02796441,NA,910
Diphylla ecaudata,Chiroptera,Diphylla ecaudata,Diphylla_ecaudata,Mammal,27.8,33,26,30,38.6,5.51,0.188888889,KhaliqHof,VertFishScav,G,1,TR,N,0,0,0,-14.2,14.8,-7.44,-4.28,8.976231489,6.81996,37.5,33.4,35.4,35,1.946548549,1.77912,30.35903559,-28.73756441,NA,813
Anoura caudifer,Chiroptera,Anoura caudifer,Anoura_caudifer,Mammal,11.5,36.3,26,35,42.7,4.15,0.158333333,KhaliqHof,Omnivore,Ar,1,TR,N,0,0,0,-13,10.85,-8.055,-6.21,8.628567276,5.85627,35.4,32.4,34.7,34.6,1.882987104,1.77912,12.46333559,-30.89436441,NA,510
Anoura latidens,Chiroptera,Anoura latidens,Anoura_latidens,Mammal,13.6,38.12,34.7,36.2,36.9,10.79,0.205555556,KhaliqHof,Omnivore,Ar,1,TR,N,0,0,0,-7.8,17.9,3.735,8.5,5.450215441,3.40998,35.5,31,34.5,33.91,2.747575667,2.37216,11.05313559,-11.59926441,NA,250
Sturnira erythromos,Chiroptera,Sturnira erythromos,Sturnira_erythromos,Mammal,15.9,34.4,25.5,32.5,39.9,4.48,0.222222222,KhaliqHof,FruiNect,Ar,1,TR,N,0,0,0,-13.4,5.6,-10,-7.6,8.630005979,10.67472,35.4,31.8,34.7,34.3,3.050024669,2.07564,12.46333559,-28.14646441,NA,231
Pteropus scapulatus,Chiroptera,Pteropus scapulatus,Pteropus_scapulatus,Mammal,440,37.15,24,35,242.1472222,NA,1.352777778,KhaliqHof,FruiNect,Ar,1,T/TR,N,0,1,0,-2.8,9.6,-0.3,2.5,3.685779881,2.52042,41,38.1,40.48,39.8,6.196856522,1.92738,-9.092264407,-37.22606468,NA,485
Pteropus poliocephalus,Chiroptera,Pteropus poliocephalus,Pteropus_poliocephalus,Mammal,825,36.65,15,35,316.2333333,NA,1.766666667,KhaliqHof,FruiNect,Ar,1,T,N,0,0,1,-1.2,3.4,-0.62,0.1,3.968439522,2.81694,33.1,25.6,32.5,30.98,2.92247164,2.2239,-23.97786441,-39.13896441,NA,137
Eonycteris spelaea,Chiroptera,Eonycteris spelaea,Eonycteris_spelaea,Mammal,51.6,34,26,32.5,48,6,NA,KhaliqHof,FruiNect,Ar,1,NA,NA,NA,0,1,-19.4,10.5,1.79,3.8,8.695700047,12.45384,38.8,31.8,33.8,33.11,1.275053886,0.88956,30.31223559,-10.37476441,NA,520
Cynopterus brachyotis,Chiroptera,Cynopterus brachyotis,Cynopterus_brachyotis,Mammal,37.4,36.5,30,37,47.5,7.31,0.263888889,KhaliqHof,FruiNect,Ar,1,TR,N,0,0,1,-22.7,16.1,-11.405,-7.9,10.78440235,7.413,37.5,32.4,35.405,34.41,1.322220742,1.03782,29.20343559,-4.188264407,NA,460
Histiotus velatus,Chiroptera,Histiotus velatus,Histiotus_velatus,Mammal,11.2,32,25,31,10,1.43,0.055555556,KhaliqHof,Invertebrate,A,1,TR,Y,1,0,0,-7.6,9.9,-0.76,3.24,5.394637732,4.29954,35.4,32.8,35,34.3,1.695257681,1.63086,-6.539464408,-32.59886441,NA,275
Lasiurus cinereus,Chiroptera,Lasiurus cinereus,Lasiurus_cinereus,Mammal,27.5,34.95,30,34,16.40833333,NA,0.091666667,KhaliqHof,Invertebrate,A,1,T,Y,1,0,0,-40.3,-27.5,-39.6,-38.15,19.08319051,13.63992,41.4,29,37.525,35,4.944559194,4.29954,66.19323559,-41.78696441,NA,1036
Myotis lucifugus,Chiroptera,Myotis lucifugus,Myotis_lucifugus,Mammal,9.5,32.15,32.5,34.5,9.129,NA,0.051,KhaliqHof,Invertebrate,A,1,NA,NA,NA,0,0,-36.1,-30.9,-33.4,-33,3.811721792,1.92738,42.6,23.3,35.1,34,7.772796531,11.26776,67.26963559,30.12163559,NA,1280
Chaetophractus nationi,Cingulata,Chaetophractus nationi,Chaetophractus_nationi,Mammal,2150,35.5,29,35,559,86,3.119444444,KhaliqHof,Invertebrate,G,1,T,NA,NA,0,0,-12,-5.15,-10.775,-9.65,3.98990597,4.89258,29.2,20.5,26.725,26.05,4.780927776,5.9304,-14.86908082,-26.44924373,NA,66
Chaetophractus vellerosus,Cingulata,Chaetophractus vellerosus,Chaetophractus_vellerosus,Mammal,1110,34.4,30,35,306.4,69.64,1.733333333,KhaliqHof,Invertebrate,G,1,T,N,0,0,0,-4.3,1.85,-1.64,0,4.737698164,3.11346,36,33,35.67,34.64,2.164532651,1.70499,-16.98843243,-39.48404156,NA,154
Zaedyus pichiy,Cingulata,Zaedyus pichiy,Zaedyus_pichiy,Mammal,1740,35.2,28,35,393.2,54.61,2.233333333,KhaliqHof,Invertebrate,G,1,T,Y,1,0,1,-9.5,1.5,-8.495,-6.55,3.740908,2.37216,34.4,30.25,33.995,33.49,6.523636592,3.48411,-29.3,-53.05164506,NA,142
Dasycercus cristicauda,Dasyuromorphia,Dasycercus cristicauda,Dasycercus_cristicauda,Mammal,86,37.85,30,37,46.24166667,NA,0.258333333,KhaliqHof,VertFishScav,G,1,T/TR,Y,1,0,0,4.3,5.1,4.4,4.5,0.524311804,0.59304,38.9,38.3,38.8,38.8,0.565840758,0.59304,-24.18031841,-27.50772633,NA,47
Planigale gilesi,Dasyuromorphia,Planigale gilesi,Planigale_gilesi,Mammal,9.4,35.25,28,33,12.92777778,NA,0.072222222,KhaliqHof,Omnivore,G,1,T,Y,1,0,0,1.9,4.3,3.31,3.6,0.696466805,0.7413,38.9,37.6,38.7,38.6,1.596960989,1.4826,-24.32810435,-35.01776631,NA,175
Planigale maculata,Dasyuromorphia,Planigale maculata,Planigale_maculata,Mammal,13.1,34.2,31,35,13.2,4.13,0.067,KhaliqHof,Omnivore,G,1,NA,NA,NA,1,0,2.8,11,3.2,3.7,3.928061237,3.55824,39.3,36.1,38.585,38.2,3.116958162,2.81694,-11.1158247,-33.11311287,NA,324
Sminthopsis macroura,Dasyuromorphia,Sminthopsis macroura,Sminthopsis_macroura,Mammal,24.8,33.45,31.3,34,23.36944444,NA,0.130555556,KhaliqHof,Invertebrate,G,1,T/TR,Y,1,0,0,2.3,4.8,2.7,3.68,1.340681996,0.59304,39,36.9,38.5,38.2,1.75328373,1.63086,-15.57426419,-34.24506003,NA,449
Caluromys derbianus,Didelphimorpha,Caluromys derbianus,Caluromys_derbianus,Mammal,357,34,26.36,35,203.5,22.61,1.136111111,KhaliqHof,Omnivore,Ar,1,TR,N,0,0,0,0.4,15.7,4.225,6.05,5.053156452,5.11497,35.9,32.6,35.2,34.45,1.700830703,1.63086,20.73459635,-4.502180852,NA,266
Didelphis virginiana,Didelphimorpha,Didelphis virginiana,Didelphis_virginiana,Mammal,3257,34.8,22,34,1074.8,83.97,5.299,KhaliqHof,Omnivore,S,1,NA,NA,NA,0,0,-20.4,-12.5,-16.72,-14.5,5.017679827,2.66868,38,32.8,37.1,36.2,4.312550913,3.7065,50.08648435,9.917680629,NA,599
Lutreolina crassicaudata,Didelphimorpha,Lutreolina crassicaudata,Lutreolina_crassicaudata,Mammal,812,35.8,27,35,406,46.14,2.265,KhaliqHof,Omnivore,S,1,NA,NA,NA,0,0,-8.6,9.4,1.1,2,7.004322475,8.1543,36,31,35,34.7,3.658007825,2.52042,10.24531841,-38.98753357,NA,351
Marmosa lepida,Didelphimorpha,Marmosa lepida,Marmosa_lepida,Mammal,106,36.3,31,35,63.6,12,NA,KhaliqHof,Omnivore,Ar,1,NA,NA,NA,0,0,10.7,18.2,13,14.48,3.204865025,4.4478,33.4,32.5,33.155,33,1.709935472,0.59304,8.227313557,-17.18829346,NA,310
Marmosa robinsoni,Didelphimorpha,Marmosa robinsoni,Marmosa_robinsoni,Mammal,122,34,26,36,97.6,13.01,0.544444444,KhaliqHof,Omnivore,Ar,1,TR,Y,1,0,0,1.9,21,9.335,12.12,4.273598396,1.4826,36.2,33.4,35.855,35.5,5.148362812,2.07564,12.23297596,1.858129195,NA,230
Metachirus nudicaudatus,Didelphimorpha,Metachirus nudicaudatus,Metachirus_nudicaudatus,Mammal,336,35,27.5,36,205,27.33,1.144,KhaliqHof,Omnivore,S,1,NA,NA,NA,0,0,-14.1,12.4,-6.7,-3.3,8.426796095,7.413,35.4,31.85,34.995,34.3,1.738512946,1.26021,16.59048711,-29.51412139,NA,622
Monodelphis brevicaudata,Didelphimorpha,Monodelphis brevicaudata,Monodelphis_brevicaudata,Mammal,111,33.8,28.76,36,75.5,13.02,0.422222222,KhaliqHof,Omnivore,G,1,TR,Y,1,0,0,19.5,21.5,19.8,20.3,0.745918829,0.59304,36.1,32.6,35.3,34.3,1.107090754,0.59304,7.809699788,-3.550032645,NA,221
Philander opossum,Didelphimorpha,Philander opossum,Philander_opossum,Mammal,751,35.8,29.5,36,338,53.65,1.886111111,KhaliqHof,Omnivore,S,1,TR,N,0,0,0,-10.7,16.1,-0.72,5.9,6.27315891,4.00302,35.8,32.2,34.6,34.2,2.807956504,1.77912,19.72237499,-20.14587074,NA,569
Lagorchestes conspicillatus,Diprotodontia,Lagorchestes conspicillatus,Lagorchestes_conspicillatus,Mammal,2660,35.8,25,35,851.2,78.81,4.747222222,KhaliqHof,PlantSeed,G,1,TR,N,0,1,0,4,8.3,6.2,6.8,1.938006245,1.92738,40.4,38.2,39.7,39.6,1.992336043,1.18608,-7.999354224,-23.87897312,NA,389
Macropus rufus,Diprotodontia,Macropus rufus,Macropus_rufus,Mammal,32490,36.3,25,35,5032.8,236.28,32.25833333,KhaliqHof,PlantSeed,G,1,T/TR,N,0,0,0,0.5,5.1,2.8,3.2,1.500656441,1.33434,39.9,37.1,39.06,38.6,1.861884397,1.63086,-15.62630109,-35.9047564,NA,449
Phascolarctos cinereus,Diprotodontia,Phascolarctos cinereus,Phascolarctos_cinereus,Mammal,4765,35.8,20,26,1048.3,66.35,5.744,KhaliqHof,PlantSeed,Ar,1,NA,NA,NA,0,1,1.4,6,4.1,4.5,1.469522532,1.18608,37.9,30.6,37.5,35.84,3.541710607,1.92738,-16.55521398,-39.1389389,NA,199
Potorous tridactylus,Diprotodontia,Potorous tridactylus,Potorous_tridactylus,Mammal,1120,36.05,20,30,503.1888889,NA,2.811111111,KhaliqHof,PlantSeed,G,1,T,N,0,0,1,-1.3,4.6,1.65,2.65,2.344398483,1.4826,30.7,24.25,29.6,28.85,2.664433297,2.14977,-24.31461621,-42.91337627,NA,136
Cercartetus nanus,Diprotodontia,Cercartetus nanus,Cercartetus_nanus,Mammal,70,34.9,31,35,51.6,13.23,0.336111111,KhaliqHof,Omnivore,Ar,1,T,HIB,1,0,1,-0.6,3.1,0.1,0.43,1.916597845,1.40847,34.1,29.05,33.8,31.07,2.249694062,1.55673,-28.11054746,-43.64396847,NA,164
Cercopithecus mitis,Diprotodontia,Cercopithecus mitis,Cercopithecus_mitis,Mammal,8500,37,5,28,3520,110,18.96388889,KhaliqHof,FruiNect,Ar,0,TR,N,0,0,0,3.4,12.3,5.4,6.28,5.205344092,6.22692,41.9,32.2,36.06,34.82,2.797861249,1.03782,11.62692714,-33.54028302,NA,309
Petauroides volans,Diprotodontia,Petauroides volans,Petauroides_volans,Mammal,1141,35.55,18,25,569.3194444,NA,3.180555556,KhaliqHof,PlantSeed,Ar,1,T/TR,N,0,0,1,1.8,5.25,2.1,2.4,2.010098977,2.74281,34.9,31.1,34.21,33.41,1.49773966,1.18608,-16.01959364,-38.58176955,NA,120
Tarsipes rostratus,Diprotodontia,Tarsipes rostratus,Tarsipes_rostratus,Mammal,10,36.6,28,34,29,3.37,0.161111111,KhaliqHof,FruiNect,Ar,1,T,Y,1,0,1,4.5,5.5,4.7,4.9,0.978144389,0.59304,36.2,30.7,35.4,34.8,2.532615153,3.55824,-27.21318582,-35.13606124,NA,151
Lasiorhinus latifrons,Diprotodontia,Lasiorhinus latifrons,Lasiorhinus_latifrons,Mammal,25000,34,25,39,2750,305.56,13.94444444,KhaliqHof,PlantSeed,G,1,T,N,0,0,1,3.6,4.9,4.425,4.5,0.690783895,0.29652,35,31.8,34.65,32.75,1.559087207,1.03782,-30.68386061,-35.17750168,NA,106
Atelerix albiventris,Erinaceomorpha,Atelerix albiventris,Atelerix_albiventris,Mammal,450,35.2,30,35,146.7,28.21,0.827777778,KhaliqHof,Omnivore,G,1,TR,NA,NA,0,0,5.1,14.5,10.17,12.2,2.494594052,1.4826,42.5,40.3,42.1,41.9,2.323955707,1.18608,16.35263559,-16.47946441,NA,775
Erinaceus concolor,Erinaceomorpha,Erinaceus concolor,Erinaceus_concolor,Mammal,822.7,35.2,27.5,31.5,347.2,45.09,1.936111111,KhaliqHof,Invertebrate,G,1,T,Y,1,0,0,-16.6,1.1,-14.16,-12.32,5.940337712,2.2239,43.5,33.2,42.8,41.22,4.292837989,3.11346,43.11083559,30.00763559,NA,329
Crocidura russula,Eulipotyphla,Crocidura russula,Crocidura_russula,Mammal,10.4,34.85,27.5,35,22.87222222,NA,0.127777778,KhaliqHof,Invertebrate,G,1,T,Y,1,0,0,-14.3,0.9,-7.76,-5.8,4.75061961,4.74432,41.2,33.1,40.26,39.22,7.983872362,7.56126,53.79333496,27.73075867,NA,289
Crocidura suaveolens,Eulipotyphla,Crocidura suaveolens,Crocidura_suaveolens,Mammal,6.5,35.25,27.5,35,18.89444444,NA,0.105555556,KhaliqHof,Invertebrate,G,1,T,Y,1,0,0,-38.7,-17.6,-35.3,-31,11.19114314,12.82449,43.2,29.9,37.825,35.7,5.50504696,5.04084,58.25947692,21.90730651,NA,1536
Procavia capensis,Hyracoidae,Procavia capensis,Procavia_capensis,Mammal,2400,37.15,27,35,646.8861111,NA,3.613888889,KhaliqHof,PlantSeed,G,0,TR,N,0,0,1,-2,9.8,3,3.5,4.088108607,5.48562,45.5,40.3,43.395,42.8,3.692538534,2.9652,34.56193559,-34.83976441,NA,902
Sylvilagus audubonii,Lagomorpha,Sylvilagus audubonii,Sylvilagus_audubonii,Mammal,672.4,38.25,28,40,456.4,44.53,2.506,KhaliqHof,PlantSeed,G,1,NA,NA,NA,0,0,-18.4,-11.6,-17.9,-17.7,6.663702119,6.81996,37.2,29.4,36.2,35.57,4.176973024,5.1891,48.42953559,18.80393559,NA,314
Elephantulus edwardii,Macroscelidae,Elephantulus edwardii,Elephantulus_edwardii,Mammal,49.8,37.6,32.5,36,54.3,10.65,0.303,KhaliqHof,Invertebrate,G,0,NA,NA,NA,0,1,-4,-0.5,-3.37,-2.31,3.012579427,2.37216,33.5,29.85,32.185,31.7,1.350063963,1.4826,-28.08617652,-34.3879509,NA,104
Macroscelides proboscideus,Macroscelidae,Macroscelides proboscideus,Macroscelides_proboscideus,Mammal,45,36.23,35,38,52,42.28,0.288888889,KhaliqHof,Invertebrate,G,0,T,Y,1,0,1,-4.5,1.4,-3.74,-1,2.108475288,1.63086,35.7,32.9,35.5,35.3,2.668645685,3.26172,-24.87320428,-33.86942601,NA,127
Macrotis lagotis,Peramelemorpha,Macrotis lagotis,Macrotis_lagotis,Mammal,1011,35.15,27,35,353.525,NA,1.975,KhaliqHof,Invertebrate,G,1,T/TR,N,0,0,0,4.3,6.2,5,5.19,1.625636882,1.18608,40.5,38.1,39.35,38.6,1.792943417,0.44478,-16.36350441,-35.06655502,NA,230
Tamandua tetradactyla,Pilosa,Tamandua tetradactyla,Tamandua_tetradactyla,Mammal,3500,33.65,23,35,873.6194444,NA,4.880555556,KhaliqHof,Invertebrate,S,1,TR,N,0,0,0,1.8,12.4,4.9,5.9,4.842530242,5.9304,35.1,32.2,34,33.6,2.20267186,1.18608,11.53521442,-33.54935298,NA,521
Callithrix pygmaea,Primates,Cebuella pygmaea,Callithrix_pygmaea,Mammal,153,35.35,27,34,107.221,NA,0.599,KhaliqHof,FruiNect,Ar,0,NA,NA,NA,0,0,15.9,19,17,17.1,1.618460157,1.92738,34.1,32.7,33.9,33.7,0.726383935,0.59304,2.435035593,-12.62366441,NA,227
Saimiri sciureus,Primates,Saimiri sciureus,Saimiri_sciureus,Mammal,850,38.15,25,35,594.1805556,NA,3.319444444,KhaliqHof,Omnivore,Ar,0,TR,N,0,0,0,-1.6,18.7,13.1,13.7,3.763483404,2.9652,35.8,32.4,35.1,34.7,2.656406824,1.18608,8.388335592,-15.04706441,NA,413
Colobus guereza,Primates,Colobus guereza,Colobus_guereza,Mammal,10500,37,5,28,3132,97.88,16.69166667,KhaliqHof,PlantSeed,Ar,0,TR,N,0,0,0,4.8,16.2,11.2,12.8,2.397141933,1.63086,39.9,36.85,39.6,39.4,2.506009738,2.74281,14.4124527,-3.525078572,NA,398
Perodicticus potto,Primates,Perodicticus potto,Perodicticus_potto,Mammal,1090,36,25,29,347.6,31.6,2.861111111,KhaliqHof,FruiNect,Ar,1,TR,N,0,0,0,3.5,17.7,11.84,14.7,2.573755404,1.77912,36.7,33.4,36.06,35.7,2.378540285,2.2239,9.146502683,-11.20214748,NA,589
Aplodontia rufa,Rodentia,Aplodontia rufa,Aplodontia_rufa,Mammal,630,38,26.5,35,277.2,24.1,1.547222222,KhaliqHof,PlantSeed,G,1,T,N,0,0,0,-13.7,-4.95,-12.89,-11.53,5.039979359,7.04235,33.7,26.5,30.83,30.5,4.012450653,4.59606,50.14683559,36.30773559,NA,78
Cryptomys hottentotus,Rodentia,Cryptomys hottentotus,Cryptomys_hottentotus,Mammal,102,33.8,28,32,48.5,8.36,0.388888889,KhaliqHof,PlantSeed,G,1,T,N,0,0,1,-3.8,2.35,-2.11,-0.6,4.73605183,4.22541,35,31.7,34.505,34.1,1.993310357,1.77912,-8.750364408,-34.83976441,NA,200
Cryptomys bocagei,Rodentia,Fukomys bocagei,Cryptomys_bocagei,Mammal,94,33.7,31.5,32.5,69.6,31.64,0.388888889,KhaliqHof,PlantSeed,G,1,T,N,0,0,0,4,6.4,4.825,5.1,2.167598025,1.4826,34.7,32.4,34.6,34.5,1.901309093,2.74281,-10.15816441,-18.21646441,NA,166
Cryptomys mechowi,Rodentia,Fukomys mechowi,Cryptomys_mechowi,Mammal,267,34,29,30,160.2,32.04,0.911111111,KhaliqHof,PlantSeed,G,1,T,N,0,0,0,3.9,6.8,4.72,5.2,3.644215663,1.77912,35.5,31.8,34.9,34.5,1.632161703,1.33434,-2.895564407,-15.12026441,NA,245
Cryptomys damarensis,Rodentia,Fukomys damarensis,Cryptomys_damarensis,Mammal,124,35.2,27,31,70.7,8.62,0.397222222,KhaliqHof,PlantSeed,G,1,T,N,0,0,0,-0.5,2.5,-0.1,0.02,1.82529738,1.92738,36.9,34.1,35.82,35.38,0.819782498,0.44478,-15.98486441,-27.93066441,NA,153
Georychus capensis,Rodentia,Georychus capensis,Georychus_capensis,Mammal,192.6,36.4,26.3,34,113.6,11.25,0.627777778,KhaliqHof,PlantSeed,G,0,T,N,0,0,1,-5,3.8,0.77,1.69,2.239428754,1.18608,32.8,27.75,31.055,30.71,2.485391546,2.14977,-28.84336441,-34.83976441,NA,130
Heterocephalus glaber,Rodentia,Heterocephalus glaber,Heterocephalus_glaber,Mammal,39.2,32.3,31,37,21.6,72,0.144444444,KhaliqHof,PlantSeed,G,1,TR,N,0,0,0,4,13.7,8.1,9.7,3.911451761,4.29954,38.8,33.7,37.4,35.7,2.5311451,1.77912,11.98523559,-2.340064408,NA,181
Dolichotis salinicola,Rodentia,Dolichotis salinicola,Dolichotis_salinicola,Mammal,1613,38.4,28,37,725.9,69.8,4.05,KhaliqHof,PlantSeed,G,0,T,N,0,0,0,-3.2,7.95,-0.48,0.32,4.276146648,4.81845,35.2,33.7,34.9,34.7,1.9514178,1.03782,-17.22961044,-33.06267276,NA,122
Kerodon rupestris,Rodentia,Kerodon rupestris,Kerodon_rupestris,Mammal,801,38.2,27,36,282.9,25.26,2.011111111,KhaliqHof,PlantSeed,G,0,TR,N,0,0,0,9.6,14.9,10.6,10.7,2.784373145,3.40998,36,33.8,35.61,35.1,1.512082502,1.63086,-2.786885977,-18.76110041,NA,139
Hydrochoerus hydrochaeris,Rodentia,Hydrochoerus hydrochaeris,Hydrochoerus_hydrochaeris,Mammal,26400,37.1,22,33,6600,437.09,36.754,KhaliqHof,PlantSeed,G,0,NA,NA,NA,0,0,-10.2,10.25,-0.805,3.4,6.014152372,6.74583,35.1,32.2,34.2,33.6,1.544609609,1.18608,10.40499973,-37.28077223,NA,520
Microtus guentheri,Rodentia,Microtus guentheri,Microtus_guentheri,Mammal,51.3,38.45,30,34,80.05277778,NA,0.447222222,KhaliqHof,PlantSeed,G,1,T,N,0,0,0,-10.2,-1.8,-8.5,-6.7,3.842881898,3.7065,40.4,32.05,39.2,38.5,3.52069923,2.29803,42.82847348,31.23825033,NA,248
Microtus longicaudus,Rodentia,Microtus longicaudus,Microtus_longicaudus,Mammal,26.9,37.7,26.5,33.5,76.4,4.32,0.347222222,KhaliqHof,PlantSeed,G,1,T,N,0,0,0,-35.2,-28.9,-34.4,-34,7.284839793,7.85778,40.4,20.45,36.2,35.2,8.550056526,10.00755,68.13523559,32.20733559,NA,540
Phyllotis darwini,Rodentia,Phyllotis darwini,Phyllotis_darwini,Mammal,59,37,27.5,34,71.4,7.52,0.397222222,KhaliqHof,PlantSeed,G,1,T,N,0,0,0,-7.9,2.1,-5.06,-0.26,2.913276168,2.07564,29.2,27.4,29.14,28.66,3.838925434,1.18608,-23.72776441,-37.75486441,NA,33
Loxodontomys micropus,Rodentia,Loxodontomys micropus,Loxodontomys_micropus,Mammal,62.3,37.2,22,33,97.8,6.43,0.544444444,KhaliqHof,Invertebrate,G,1,T,N,0,0,0,-5.4,-1.95,-4.97,-4.3,2.48940331,2.00151,30.4,23.75,30.035,29.57,5.524069543,6.59757,-32.56906441,-53.35266441,NA,74
Peromyscus maniculatus,Rodentia,Peromyscus maniculatus,Peromyscus_maniculatus,Mammal,17,36.75,29,37,38.78333333,NA,0.216666667,KhaliqHof,Invertebrate,G,1,T,Y,1,0,0,-34.4,-29.8,-33.1,-32.62,3.568696111,2.2239,40.6,28.2,34.96,34.1,7.051793879,7.70952,65.64702228,16.20655559,NA,1009
Myodes gapperi,Rodentia,Myodes gapperi,Myodes_gapperi,Mammal,20.8,37.6,26,34,48.5,4.37,0.247222222,KhaliqHof,PlantSeed,G,1,T,N,0,0,0,-36.4,-29.7,-36,-35.5,4.867740185,3.85476,36.3,28.4,32.6,31.5,5.320996097,3.85476,62.43333559,32.84473559,NA,925
Peromyscus leucopus,Rodentia,Peromyscus leucopus,Peromyscus_leucopus,Mammal,21.2,36,27.5,34.5,35.2,4.14,0.197222222,KhaliqHof,Invertebrate,G,1,T,Y,1,0,0,-23,-17.8,-22.4,-22.1,4.448065831,5.48562,38.6,31.7,35.67,34.9,4.2406352,3.40998,51.13023546,15.86226068,NA,587
Isthmomys pirrensis,Rodentia,Isthmomys pirrensis,Isthmomys_pirrensis,Mammal,140.4,37.5,32,34,123.6,16.48,0.677777778,KhaliqHof,Invertebrate,S,1,TR,N,0,0,0,15.5,20.3,16.18,16.86,2.524106002,2.66868,31.3,30.2,31.02,30.74,0.81240384,0.44478,8.196471864,7.339934169,NA,9
Microtus arvalis,Rodentia,Microtus arvalis,Microtus_arvalis,Mammal,24,37.15,20,30,60.16388889,NA,0.336111111,KhaliqHof,PlantSeed,G,1,T,N,0,0,0,-38.5,-17.3,-28.135,-24.3,9.916103568,9.85929,35,26.8,32.1,30.6,4.197678892,3.11346,61.99883666,38.44684273,NA,1254
Ochrotomys nuttalli,Rodentia,Ochrotomys nuttalli,Ochrotomys_nuttalli,Mammal,19.5,38.08,29.5,36,27.1,3.16,0.151,KhaliqHof,PlantSeed,Ar,1,NA,NA,NA,0,0,-9.8,-6.3,-8.28,-8,2.253603857,1.77912,35.5,32.6,34.68,33.9,1.011687803,1.03782,39.40943559,26.69953559,NA,245
Neotoma lepida,Rodentia,Neotoma lepida,Neotoma_lepida,Mammal,106,36.95,31,35,99.44444444,NA,0.555555556,KhaliqHof,PlantSeed,G,1,T,N,0,0,0,-16.4,-9.1,-15.94,-14.88,4.523113335,3.55824,35.2,31.5,34.04,33.48,2.56791211,2.2239,44.14053559,22.86713559,NA,173
Ondatra zibethicus,Rodentia,Ondatra zibethicus,Ondatra_zibethicus,Mammal,1004.6,37.55,15,30,641.9138889,NA,3.586111111,KhaliqHof,PlantSeed,G,1,T,N,0,0,0,-37.4,-31.9,-35.2,-35,5.496353103,4.15128,41.9,22.5,36.38,35.66,8.782410222,12.30558,68.46249114,28.92028617,NA,1385
Microtus pinetorum,Rodentia,Microtus pinetorum,Microtus_pinetorum,Mammal,23.8,38.45,23,35,55.68888889,NA,0.311111111,KhaliqHof,PlantSeed,G,1,T,N,0,0,0,-18.3,-12.9,-17.555,-17.1,3.689260104,3.48411,36,32.9,35.155,34.21,2.354785653,1.33434,45.78663559,29.06913559,NA,350
Peromyscus californicus,Rodentia,Peromyscus californicus,Peromyscus_californicus,Mammal,49.6,36.55,27,34.5,58.175,NA,0.325,KhaliqHof,Invertebrate,G,1,T,Y,1,0,0,-9.8,0.4,-7.7,-7.28,4.092266605,3.85476,41.5,33,39.045,37.79,6.318667219,5.55975,38.07906483,29.93078439,NA,92
Peromyscus truei,Rodentia,Peromyscus truei,Peromyscus_truei,Mammal,33,36.7,27,33,50.8,5.24,0.347222222,KhaliqHof,Invertebrate,G,1,T,NA,NA,0,0,-18.4,-10.1,-16.93,-15.46,4.206573516,2.66868,41.7,31.7,35.2,34.7,4.352589724,4.00302,46.67473559,29.81983559,NA,315
Peromyscus crinitus,Rodentia,Peromyscus crinitus,Peromyscus_crinitus,Mammal,20.9,35.85,29,35,30.82777778,NA,0.172222222,KhaliqHof,Invertebrate,G,1,T,Y?,1,0,0,-16,-11.4,-15.635,-15.27,3.369131654,3.85476,41.1,31.75,38.71,37.5,4.073490073,4.07715,45.3518888,28.41540358,NA,174
Peromyscus eremicus,Rodentia,Peromyscus eremicus,Peromyscus_eremicus,Mammal,21.5,36.6,30,36.5,31.8,4.18,0.180555556,KhaliqHof,Invertebrate,G,1,T,Y,1,0,0,-9.5,-4.2,-7.92,-7.42,3.62299835,3.7065,42.2,35.7,41.9,40.38,3.939728461,4.00302,37.89861229,21.50383125,NA,219
Microtus montanus,Rodentia,Microtus montanus,Microtus_montanus,Mammal,51.2,37.5,26,31,81.6,7.1,0.5,KhaliqHof,PlantSeed,G,1,T,N,0,0,0,-19,-12.8,-15.7,-15,2.956301796,2.37216,41.1,31.1,37.2,36.4,4.154713002,4.4478,52.88713559,33.02903559,NA,231
Myopus schisticolor,Rodentia,Myopus schisticolor,Myopus_schisticolor,Mammal,26.4,39,20.9,24,93.5,5.17,0.522,KhaliqHof,PlantSeed,G,1,NA,NA,NA,0,0,-50.5,-33.4,-45.8,-42.4,10.36215396,11.71254,27.1,22.2,25.3,24.9,3.249186785,2.52042,71.75223006,43.72786189,NA,1921
Phodopus sungorus,Rodentia,Phodopus sungorus,Phodopus_sungorus,Mammal,24,36.25,20,35,77.06944444,NA,0.430555556,KhaliqHof,PlantSeed,G,1,T,Y,1,0,0,-33.1,-22.9,-26.235,-23.8,2.030874224,1.18608,31.8,27,31.7,31.07,3.584968755,3.03933,56.422814,47.160268,NA,374
Onychomys torridus,Rodentia,Onychomys torridus,Onychomys_torridus,Mammal,19.1,36.15,30,35,29.33611111,NA,0.163888889,KhaliqHof,Invertebrate,G,1,T,N?,0,0,0,-13.1,-6.3,-11.25,-10.8,4.771886584,4.52193,38.9,36.5,37.9,37.8,3.636523383,1.33434,42.14624651,24.97318077,NA,156
Microtus pennsylvanicus,Rodentia,Microtus pennsylvanicus,Microtus_pennsylvanicus,Mammal,38.9,38.65,25,29,75.08055556,NA,0.419444444,KhaliqHof,PlantSeed,G,1,T,N,0,0,0,-39.5,-31.9,-38.4,-37.42,6.042371746,4.89258,34.7,22.4,32.4,31.8,6.598236257,9.19212,70.25343559,28.94103559,NA,1299
Microtus ochrogaster,Rodentia,Microtus ochrogaster,Microtus_ochrogaster,Mammal,47.4,37.8,25,34,40.3,3.15,0.461111111,KhaliqHof,PlantSeed,G,1,T,N,0,0,0,-27.6,-24.7,-26.98,-26.8,6.604749426,2.9652,35.7,31.9,34.8,34.4,4.533243676,2.9652,55.99243559,29.07313559,NA,425
Ctenomys talarum,Rodentia,Ctenomys talarum,Ctenomys_talarum,Mammal,116,36.1,25,30,119.2,10.74,0.613888889,KhaliqHof,PlantSeed,G,0,T,N,0,0,0,0.2,3.4,0.42,0.6,1.241407442,0.44478,33.6,29.2,33.26,32.86,1.756270877,1.03782,-34.87663586,-39.15411534,NA,85
Cabassous centralis,Rodentia,Cabassous centralis,Cabassous_centralis,Mammal,3810,33.6,27.5,32.5,677.3,111.03,4.463888889,KhaliqHof,Invertebrate,G,1,TR,N,0,0,0,8.3,19.1,11.135,12.3,3.365310886,2.37216,35,31.9,34.2,33.7,1.397040135,1.70499,16.88771477,0.096111105,NA,248
Dasyprocta azarae,Rodentia,Dasyprocta azarae,Dasyprocta_azarae,Mammal,3849,37.4,18,35,1886,97.22,10.51944444,KhaliqHof,PlantSeed,G,0,TR,N,0,0,0,6.7,9.8,7.41,7.7,2.59944252,2.81694,35.3,32.6,35,34.6,2.396342267,2.37216,-12.27077484,-33.6699819,NA,163
Myoprocta acouchy,Rodentia,Myoprocta acouchy,Myoprocta_acouchy,Mammal,914,35.4,25,30,502.7,48.34,2.802777778,KhaliqHof,PlantSeed,G,0,TR,N,0,0,0,13.6,22,19.88,20.9,1.591962787,0.7413,33.7,32.9,33.5,33.4,0.356024815,0.44478,7.60003735,-3.20126772,NA,143
Dasyprocta leporina,Rodentia,Dasyprocta leporina,Dasyprocta_leporina,Mammal,2687,38.3,20,34,1558.5,85.16,8.694,KhaliqHof,PlantSeed,G,0,NA,NA,NA,0,0,17.7,21.7,18.9,19.5,1.384471902,1.33434,33.7,32.7,33.5,33.3,0.493220287,0.44478,12.7400713,-3.139769404,NA,241
Napaeozapus insignis,Rodentia,Napaeozapus insignis,Napaeozapus_insignis,Mammal,20.9,37,30,34,92,15.33,0.216666667,KhaliqHof,Omnivore,G,1,T,HIB,1,0,0,-27.6,-25.5,-27.4,-27.3,3.057549563,2.37216,31.8,26.9,29.9,29.4,4.357830664,2.81694,54.23193559,34.57973559,NA,495
Jaculus jaculus,Rodentia,Jaculus jaculus,Jaculus_jaculus,Mammal,74.5,37,33,35,91.6,22.9,0.513888889,KhaliqHof,PlantSeed,G,1,T,HIB,1,0,0,-9.5,5.85,-4.155,-0.51,5.214643976,5.11497,45.3,39.15,44,41.9,3.6069936,2.74281,35.88696861,7.149199078,NA,870
Jaculus orientalis,Rodentia,Jaculus orientalis,Jaculus_orientalis,Mammal,139.1,37,28,33,139.1,15.46,0.775,KhaliqHof,PlantSeed,G,1,T,HIB,1,1,0,-4.5,3.05,-1.2,-0.4,2.753586661,3.78063,39.6,32.5,38.1,37.1,2.592131085,2.52042,37.34961701,29.27741632,NA,316
Thrichomys apereoides,Rodentia,Thrichomys apereoides,Thrichomys_apereoides,Mammal,323,37.6,25,35,206.7,16.4,1.153,KhaliqHof,FruiNect,G,1,NA,NA,NA,0,0,8,13.1,8.82,9.38,3.205494867,4.00302,35.9,33,35.2,35.1,2.078020513,2.52042,-2.786388397,-21.62549727,NA,165
Geomys bursarius,Rodentia,Geomys bursarius,Geomys_bursarius,Mammal,197,36.4,30,33,137.9,21.55,0.769444444,KhaliqHof,PlantSeed,G,1,T,N,0,0,0,-24.2,-16,-23.5,-23.12,4.816132969,6.52344,36.9,33.2,36.01,35.7,1.942032572,2.37216,49.73203559,31.31023559,NA,219
Thomomys talpoides,Rodentia,Thomomys talpoides,Thomomys_talpoides,Mammal,106,35.5,26,32,141,14.84,0.608333333,KhaliqHof,PlantSeed,G,1,T,N,0,0,0,-27,-24.6,-26.4,-26,7.549612903,1.77912,36.5,30.3,33.2,32.6,3.255795904,2.66868,55.59083559,33.59963559,NA,321
Geomys pinetis,Rodentia,Geomys pinetis,Geomys_pinetis,Mammal,202,36.1,26,35,135.3,13.4,0.791666667,KhaliqHof,PlantSeed,G,1,T,N,0,0,0,-0.7,0.5,-0.5,-0.3,2.555090877,0.7413,33.6,32.6,33.455,33.31,0.501279262,0.59304,33.46673559,26.78473559,NA,90
Thomomys bottae,Rodentia,Thomomys bottae,Thomomys_bottae,Mammal,143,36,28,30,120.1,15.01,0.669444444,KhaliqHof,PlantSeed,G,1,T,N,0,0,0,-21.7,-9.2,-17.1,-13.8,5.095628871,4.00302,41.3,32.8,36.9,36.2,4.881892756,4.59606,42.95946061,22.86713219,NA,287
Chaetodipus intermedius,Rodentia,Chaetodipus intermedius,Chaetodipus_intermedius,Mammal,15.2,35,33,36,15.6,7.8,0.086111111,KhaliqHof,PlantSeed,G,1,T,Y?,1,0,0,-13.2,-5.3,-11.48,-9.78,3.801336679,3.85476,41.7,34.7,39.47,38.4,2.903594297,2.9652,37.45316378,26.9960272,NA,143
Dipodomys microps,Rodentia,Dipodomys microps,Dipodomys_microps,Mammal,57.2,36.4,27,32,66.9,7.12,0.372222222,KhaliqHof,Omnivore,G,1,T,N,0,0,0,-13.2,-8.7,-12.325,-11.7,2.020514541,2.29803,44.9,33,41.525,40.35,5.139812561,5.55975,43.92093559,33.69983559,NA,116
Dipodomys merriami,Rodentia,Dipodomys merriami,Dipodomys_merriami,Mammal,34.7,37.15,32,35,43.25833333,NA,0.241666667,KhaliqHof,Omnivore,G,1,T,N,0,0,0,-11.4,-6.4,-9.565,-8.9,5.114391855,3.11346,37.2,33.75,36.4,36,1.940464904,1.55673,40.38706682,21.25715361,NA,248
Liomys salvini,Rodentia,Liomys salvini,Liomys_salvini,Mammal,43.8,37.09,31,34,46.9,7.7,0.261111111,KhaliqHof,PlantSeed,G,1,T/TR,N?,0,0,0,1.4,13.85,4.005,7.83,4.283129464,3.26172,36.2,34.3,36.1,35.97,2.641056913,1.4826,16.45710945,9.492898941,NA,124
Liomys irroratus,Rodentia,Liomys irroratus,Liomys_irroratus,Mammal,48.1,36.63,31,34,53.9,9.57,0.3,KhaliqHof,PlantSeed,G,1,TR,N?,0,0,0,0.3,5.8,0.7,1.2,4.479448793,3.7065,37.9,33.65,37.8,36.69,2.350775658,2.52042,27.98621585,15.80396783,NA,132
Heteromys anomalus,Rodentia,Heteromys anomalus,Heteromys_anomalus,Mammal,69.3,36,26,33,100.5,10.05,0.561111111,KhaliqHof,PlantSeed,G,1,TR,N,0,1,0,11.9,19.4,14.21,15,2.547958624,2.74281,35,32.25,34.5,34.29,2.011230942,1.63086,12.10577331,2.776357253,NA,192
Dipodomys deserti,Rodentia,Dipodomys deserti,Dipodomys_deserti,Mammal,106,36.8,28.5,35,92.2,11.11,0.513888889,KhaliqHof,Omnivore,G,1,T,N,0,0,0,-12.7,-4.05,-10.945,-10.1,4.683571606,5.04084,41.5,34.3,41.09,40.6,4.086002332,3.78063,41.19945051,28.55559434,NA,112
Chaetodipus hispidus,Rodentia,Chaetodipus hispidus,Chaetodipus_hispidus,Mammal,35.8,37.5,30.5,33.5,44.8,6.4,0.275,KhaliqHof,PlantSeed,G,1,T,Y,1,0,0,-18.6,-11.8,-17.695,-17,6.311935515,6.22692,39.5,32.5,35.895,34.8,3.442570083,2.81694,46.76225096,19.63846525,NA,222
Hystrix africaeaustralis,Rodentia,Hystrix africaeaustralis,Hystrix_africaeaustralis,Mammal,10700,37,24,27,2319.9,178.45,11.33888889,KhaliqHof,PlantSeed,G,1,T/TR,N,0,0,1,3.3,10.5,6.14,7,3.517906097,3.85476,33.6,30.3,32.36,32.1,2.2873316,1.92738,0.303635592,-34.83976441,NA,349
Abrothrix longipilis,Rodentia,Abrothrix longipilis,Abrothrix_longipilis,Mammal,42.3,36.5,27.3,32,57.5,6.05,0.322222222,KhaliqHof,PlantSeed,G,1,T,N,0,0,0,-6.2,-1.7,-4.335,-3.64,1.610238063,1.18608,30.8,26.25,30.435,30.14,5.422071727,4.15128,-30.29476441,-54.17446441,NA,94
Abrothrix andinus,Rodentia,Abrothrix andinus,Abrothrix_andinus,Mammal,34.6,39.3,26.8,34,64.7,5.26,0.361111111,KhaliqHof,PlantSeed,G,1,T,N,0,0,0,-13,-2.85,-11.665,-9.85,4.473547721,4.89258,31,21,29.355,27.91,4.761207817,4.81845,-14.05366441,-34.65546441,NA,90
Auliscomys boliviensis,Rodentia,Auliscomys boliviensis,Auliscomys_boliviensis,Mammal,76.8,36.9,22.7,31,110.6,7.96,NA,KhaliqHof,Invertebrate,G,1,NA,NA,NA,0,0,-12.7,-4.75,-10.5,-9.8,4.128748929,4.15128,29.5,19.05,27.775,27.2,4.85717276,5.41149,-14.83206441,-19.94906441,NA,86
Gerbillurus paeba,Rodentia,Gerbillurus paeba,Gerbillurus_paeba,Mammal,33.9,36,32.3,35.1,27.7,10.26,0.194444444,KhaliqHof,PlantSeed,G,1,T,N,0,0,1,3.9,6.7,4.4,5.9,2.042157077,1.03782,35.1,34.05,34.9,34.8,2.533049204,1.11195,-15.47646441,-34.83976441,NA,254
Mus musculus,Rodentia,Mus musculus,Mus_musculus,Mammal,46,37.05,27,33,48.509,NA,0.271,KhaliqHof,PlantSeed,G,1,NA,NA,NA,0,0,-50.2,-26.9,-40.4,-37.3,17.34669975,10.97124,47.3,29.7,42.6,36.7,7.728231522,6.52344,73.53033447,-54.77827835,NA,3882
Rattus fuscipes,Rodentia,Rattus fuscipes,Rattus_fuscipes,Mammal,76,37.4,28.1,32.9,141.7,15.24,0.469444444,KhaliqHof,Omnivore,G,1,T,N,0,0,1,2.9,6.9,4.1,4.6,1.418804468,1.33434,35.3,29.7,31.85,31.3,2.653518076,1.63086,-15.68828318,-39.1389389,NA,311
Rattus villosissimus,Rodentia,Rattus villosissimus,Rattus_villosissimus,Mammal,250.6,38.9,30,35,220.5,24.78,0.811111111,KhaliqHof,Omnivore,G,1,TR,N,0,0,0,2.1,5.5,3.3,4.1,3.622002964,1.33434,39.1,36.3,38.865,38.6,1.349080179,1.33434,-14.05438232,-31.22241211,NA,268
Akodon azarae,Rodentia,Akodon azarae,Akodon_azarae,Mammal,23.5,37.7,30,32,51,6.62,0.222222222,KhaliqHof,Invertebrate,G,1,T/TR,N,0,0,0,-0.1,3.65,0.485,0.97,3.093997717,3.92889,34.7,31.75,34.5,34.2,2.032984177,2.59455,-24.70396441,-40.99266441,NA,198
Mystromys albicaudatus,Rodentia,Mystromys albicaudatus,Mystromys_albicaudatus,Mammal,93.78,37.5,20,30,126.8,7.25,0.705555556,KhaliqHof,Omnivore,G,1,T,N?,0,0,1,-1,2.7,0.085,0.77,1.84080188,1.33434,33.8,30.1,33.215,32.2,2.473564172,1.85325,-25.02826441,-34.38726441,NA,158
Gerbillus andersoni,Rodentia,Gerbillus andersoni,Gerbillus_andersoni,Mammal,35.8,37,28,35,39.4,4.38,0.216666667,KhaliqHof,PlantSeed,G,1,T,N,0,0,0,0.6,6.3,4.3,4.6,1.233771168,0.59304,36.4,31.9,35.3,34.9,1.971716559,2.2239,32.7196414,29.85206157,NA,205
Gerbillus nanus,Rodentia,Gerbillus nanus,Gerbillus_nanus,Mammal,28.2,38.8,33,34,22,3.79,0.125,KhaliqHof,PlantSeed,G,1,T,N,0,0,0,-18.9,1.7,-9.01,-6.7,5.880184168,5.04084,42.8,39.9,42,41.5,2.825418647,2.2239,35.52813858,12.59131146,NA,899
Otomys irroratus,Rodentia,Otomys irroratus,Otomys_irroratus,Mammal,111.6,36.5,24,28,84.9,6.79,0.474,KhaliqHof,PlantSeed,G,1,NA,NA,NA,0,1,-4,3.7,-0.97,0.72,3.309011955,2.9652,33.9,29.3,31.77,31.24,1.974565137,1.92738,-17.63736441,-34.83976441,NA,187
Apodemus mystacinus,Rodentia,Apodemus mystacinus,Apodemus_mystacinus,Mammal,42.3,38.3,28,32,70.6,6.85,0.313888889,KhaliqHof,Omnivore,G,1,T,N,0,0,0,-13.8,1.6,-11.9,-9.53,5.31993695,1.77912,42.7,32.95,41.555,39.83,4.222256653,4.29954,43.18195827,30.5627616,NA,250
Baiomys taylori,Rodentia,Baiomys taylori,Baiomys_taylori,Mammal,7.3,36,29,36,14.2,2.03,0.080555556,KhaliqHof,PlantSeed,G,0,T,Y,1,0,0,-6.5,-1.5,-5.9,-5.6,2.761959517,3.11346,37.7,34.8,36.7,36.36,1.302002835,1.18608,35.43688693,18.50160531,NA,205
Thallomys paedulcus,Rodentia,Thallomys paedulcus,Thallomys_paedulcus,Mammal,124.7,36.85,27.46,35.89,68.61666667,NA,0.383333333,KhaliqHof,PlantSeed,S,0,T/TR,N,0,0,0,-1.1,8.3,0.08,0.8,7.072664959,9.04386,41.4,31.5,39.04,36.9,3.273853122,2.2239,5.832435592,-29.09836441,NA,397
Notomys alexis,Rodentia,Notomys alexis,Notomys_alexis,Mammal,32.3,37.7,32,34,45.2,7.93,0.252777778,KhaliqHof,Omnivore,G,1,T,N,0,0,0,4.2,5,4.3,4.4,1.167438492,0.7413,41.3,38.3,40.8,40.5,1.213947911,0.96369,-18.39269922,-31.99230399,NA,340
Pseudomys hermannsburgensis,Rodentia,Pseudomys hermannsburgensis,Pseudomys_hermannsburgensis,Mammal,12.2,37.5,31,36,23.3,3.58,0.130555556,KhaliqHof,PlantSeed,G,1,T,N,0,0,0,2.2,4.9,4.3,4.4,1.218220415,0.44478,39.9,37.9,39.3,39,1.215994659,1.03782,-18.44378662,-32.43658447,NA,413
Cannomys badius,Rodentia,Cannomys badius,Cannomys_badius,Mammal,344,36,26.74,34.5,172,19.11,0.958333333,KhaliqHof,PlantSeed,G,1,TR,N,0,0,0,-18.6,8.7,-0.14,3.06,5.330040946,3.11346,38.6,34.3,37.5,36.04,2.410097185,1.4826,27.77783559,11.35913658,NA,217
Gerbillus pyramidum,Rodentia,Gerbillus pyramidum,Gerbillus_pyramidum,Mammal,53,36.25,30,31,52.70555556,NA,0.294444444,KhaliqHof,PlantSeed,G,1,T,N,0,0,0,-2,8.7,2.035,4.8,3.059459205,2.29803,42.4,40.1,42.2,42,1.512253601,1.63086,31.60323715,13.22594959,NA,448
Meriones unguiculatus,Rodentia,Meriones unguiculatus,Meriones_unguiculatus,Mammal,61,38.35,30,40,77.06944444,NA,0.430555556,KhaliqHof,PlantSeed,G,1,T,N,0,0,0,-42.9,-30.65,-40.7,-39.61,5.828926357,7.48713,33.5,27.05,31.5,30.5,5.063693501,3.18759,57.31602863,33.41273898,NA,440
Acomys cahirinus,Rodentia,Acomys cahirinus,Acomys_cahirinus,Mammal,42,37.65,27,32.5,46.182,NA,0.258,KhaliqHof,PlantSeed,G,1,NA,NA,NA,0,0,-8.3,6.75,-3.4,1.04,6.397349004,3.48411,47.4,39.9,46.8,45.4,3.454819589,1.63086,32.91314316,11.01090013,NA,608
Saccostomus campestris,Rodentia,Saccostomus campestris,Saccostomus_campestris,Mammal,61.3,35.4,28,32,81.7,11.04,0.286111111,KhaliqHof,PlantSeed,G,1,T,Y,1,0,1,-0.1,9.3,1.59,2.79,4.890965086,4.96671,34.4,31.35,33.5,33,1.457119757,1.40847,-6.714164407,-34.47466441,NA,340
Steatomys pratensis,Rodentia,Steatomys pratensis,Steatomys_pratensis,Mammal,37.5,34.25,28,32,36.29722222,NA,0.202777778,KhaliqHof,Omnivore,G,1,T/TR,Y,1,0,0,-1.5,6.4,-0.845,0.21,6.347184522,7.33887,38.9,33.3,36.4,35.9,2.634249853,2.74281,6.751135592,-28.81136441,NA,332
Octodon degus,Rodentia,Octodon degus,Octodon_degus,Mammal,206,37.6,27,35,191.6,18.08,0.958,KhaliqHof,PlantSeed,G,0,NA,NA,NA,0,0,-3.5,2.1,-3.09,-0.99,2.495901402,3.26172,29.7,28,29.58,29.2,2.16341581,1.63086,-28.68437576,-34.98395511,NA,22
Octodontomys gliroides,Rodentia,Octodontomys gliroides,Octodontomys_gliroides,Mammal,152,37.2,25,35,130.7,10.71,0.730555556,KhaliqHof,FruiNect,G,0,T,N,0,0,0,-13.7,-5.3,-10.9,-9.8,4.248614689,5.04084,29.3,25.3,28.9,28.2,4.776034206,3.55824,-15.69570446,-28.64121302,NA,61
Spalacopus cyanus,Rodentia,Spalacopus cyanus,Spalacopus_cyanus,Mammal,185,36,26.5,34,112.1,11.8,0.569444444,KhaliqHof,PlantSeed,G,0,T,N,0,0,0,-10.6,3.6,-7.775,-3.67,4.024507144,1.18608,30,27.7,29.9,29.9,3.932461231,2.37216,-26.92913818,-36.39185333,NA,34
Pedetes capensis,Rodentia,Pedetes capensis,Pedetes_capensis,Mammal,2300,36,23,33,736,56.62,4.425,KhaliqHof,PlantSeed,G,1,T/TR,N,0,0,1,-2.4,6.1,-1.7,0.1,4.352298434,5.1891,33.7,30.6,32.9,32.36,1.763901088,1.63086,-7.823564408,-34.05256441,NA,275
Spermophilus beecheyi,Rodentia,Spermophilus beecheyi,Spermophilus_beecheyi,Mammal,599.6,37.6,25,30,317.8,25.22,1.772222222,KhaliqHof,Omnivore,G,0,T,HIB,1,0,0,-11.8,-1.1,-7.97,-7.5,4.659317557,6.52344,44.3,30.4,40.17,38.08,6.610718743,6.22692,46.92555298,28.55089652,NA,127
Ammospermophilus leucurus,Rodentia,Ammospermophilus leucurus,Ammospermophilus_leucurus,Mammal,96,37.2,31,34,103,16.61,0.552777778,KhaliqHof,Omnivore,G,0,T,N,0,0,0,-19.5,-10.6,-16.1,-15.41,3.117962957,3.85476,37.4,32.7,35.6,35.4,3.545998465,2.89107,44.14162078,22.86713219,NA,170
Tamiasciurus hudsonicus,Rodentia,Tamiasciurus hudsonicus,Tamiasciurus_hudsonicus,Mammal,231,38.85,15,27,243.6388889,NA,1.361111111,KhaliqHof,Omnivore,Ar,0,T,N,0,0,0,-36.7,-31.8,-36.2,-36.1,4.575108774,4.15128,39.8,22.1,33.355,31.71,7.169758291,9.78516,67.78193559,32.30183559,NA,1350
Cynomys ludovicianus,Rodentia,Cynomys ludovicianus,Cynomys_ludovicianus,Mammal,1112.3,37.2,30,35,422.7,58.71,2.358333333,KhaliqHof,PlantSeed,G,0,T,Y,1,0,0,-19.5,-17.8,-19.2,-19,1.895677482,1.4826,38.7,34.2,37.46,36.7,4.307903629,2.2239,49.39763559,29.10523559,NA,209
Tamias striatus,Rodentia,Tamias striatus,Tamias_striatus,Mammal,92.2,38.35,28.5,32,89.99722222,NA,0.502777778,KhaliqHof,Omnivore,G,0,T,Y,1,0,0,-27.7,-25.7,-27.4,-27.2,4.331565074,1.92738,34.5,31.3,34.04,33.68,4.288047687,3.40998,51.67013559,29.90163559,NA,513
Tamias minimus,Rodentia,Tamias minimus,Tamias_minimus,Mammal,50.6,37.15,26,34,76.57222222,NA,0.427777778,KhaliqHof,FruiNect,G,0,T,Y,1,0,0,-35.5,-31.9,-33.87,-33.4,1.968190614,1.03782,41.7,26.8,35.4,33.5,6.282221281,5.48562,66.37793559,34.57863559,NA,727
Tamias merriami,Rodentia,Tamias merriami,Tamias_merriami,Mammal,75,37,29,35,91.2,11.4,0.438888889,KhaliqHof,FruiNect,G,0,T,Y,1,0,0,-12.2,-0.5,-10.74,-10.24,5.280042125,5.04084,39.9,28.2,36.82,36.5,7.248967447,10.52646,38.68775346,32.4214458,NA,77
Tachyoryctes splendens,Rodentia,Tachyoryctes splendens,Tachyoryctes_splendens,Mammal,191,36.2,27,35,163.5,17.77,0.841666667,KhaliqHof,PlantSeed,G,1,TR,N,0,0,0,3.8,12.35,6.965,7.7,2.958095314,3.48411,40.2,29.35,38.335,37.2,4.874822025,4.52193,14.59273559,-4.551664408,NA,174
Spalax leucodon,Rodentia,Spalax leucodon,Spalax_leucodon,Mammal,207.7,37,25,34,159.9,13.33,0.830555556,KhaliqHof,PlantSeed,G,0,T,N,0,0,0,-10.3,-5.6,-9.2,-8.77,1.916214764,1.92738,33.4,27.8,31.9,31.07,3.326700393,3.11346,49.2705354,37.28805542,NA,164
Tupaia belangeri,Scandentia,Tupaia belangeri,Tupaia_belangeri,Mammal,186,39.4,27.5,35,139.2,14.81,0.705555556,KhaliqHof,Invertebrate,G,0,TR,N,0,0,1,-20.5,-9.45,-18.3,-17.77,8.516161795,12.30558,37.5,32.6,35.635,34.57,1.769905449,1.33434,30.3189373,8.559637069,NA,294
Blarina brevicauda,Soricomorpha,Blarina brevicauda,Blarina_brevicauda,Mammal,20.5,38,25,33,66,5.08,0.291666667,KhaliqHof,Omnivore,G,1,T,N,0,0,0,-28.7,-24.7,-28.1,-27.7,4.628694185,3.40998,34.6,31,33.7,33.5,4.184632731,3.26172,55.61073559,32.87633559,NA,585
Neomys anomalus,Soricomorpha,Neomys anomalus,Neomys_anomalus,Mammal,13.4,35.15,25,30,66.767,NA,0.373,KhaliqHof,Omnivore,G,1,NA,NA,NA,0,0,-13.9,-4.55,-13.7,-12.5,6.063822035,7.04235,41.1,28.5,34.4,33.1,2.979931738,2.52042,54.83579139,29.45347537,NA,654
Neomys fodiens,Soricomorpha,Neomys fodiens,Neomys_fodiens,Mammal,14.2,37.45,25,30,39.28055556,NA,0.219444444,KhaliqHof,Omnivore,G,1,T,N,0,0,0,-39.3,-24.3,-33.95,-31.9,11.06878885,9.6369,33.9,26.5,30.3,29.8,3.745318691,3.11346,71.13301849,39.06939316,NA,1751
Notiosorex crawfordi,Soricomorpha,Notiosorex crawfordi,Notiosorex_crawfordi,Mammal,4,38,32,36,13.1,2.18,0.072222222,KhaliqHof,Invertebrate,G,1,T,Y,1,0,0,-20.7,-5.6,-12.095,-9.59,4.24422957,3.11346,42.3,33.75,38.79,37.19,3.902985349,2.44629,38.44313559,20.05423559,NA,322
Sorex minutus,Soricomorpha,Sorex minutus,Sorex_minutus,Mammal,4.45,38.65,24,30,28.34166667,NA,0.158333333,KhaliqHof,Invertebrate,G,1,T,N,0,0,0,-40.2,-21.7,-34.555,-34,12.27753121,14.52948,40.9,28.3,32.255,31.3,5.655470195,3.26172,71.13301849,26.44162018,NA,1510
Sorex cinereus,Soricomorpha,Sorex cinereus,Sorex_cinereus,Mammal,3.5,38.55,25,30,26.35277778,NA,0.147222222,KhaliqHof,Invertebrate,G,1,T,N,0,0,0,-38.9,-31.8,-36.8,-35.9,5.490369435,4.15128,35.1,22.2,32.38,31.4,6.991042763,10.08168,71.39063559,34.59663559,NA,1385
Neurotrichus gibbsii,Soricomorpha,Neurotrichus gibbsii,Neurotrichus_gibbsii,Mammal,11.8,38.7,25,32,46.5,3.39,NA,KhaliqHof,Invertebrate,G,1,NA,NA,NA,0,0,-12.5,-8.7,-12.31,-11.63,4.797688219,3.92889,29.3,22.4,25.81,24.74,2.537760543,2.14977,49.95233559,36.55583559,NA,50
Condylura cristata,Soricomorpha,Condylura cristata,Condylura_cristata,Mammal,49,37.7,24.5,33,110.3,8.36,0.615,KhaliqHof,Invertebrate,G,1,NA,NA,NA,0,0,-29.3,-28,-29.2,-29,3.316670619,1.03782,33.4,28.2,32,31.7,4.940828812,3.55824,55.45563559,30.15523559,NA,533
Scalopus aquaticus,Soricomorpha,Scalopus aquaticus,Scalopus_aquaticus,Mammal,48,36,26,33,67.7,6.77,0.377777778,KhaliqHof,Invertebrate,G,1,T,N,0,0,0,-21.2,-12.4,-19.6,-18.16,3.59631088,3.7065,38.2,32.4,36,34.9,2.537097168,1.18608,46.26933559,24.74423559,NA,425
Didelphis marsupialis,Didelphimorphia,Didelphis marsupialis,Didelphis_marsupialis,Mammal,1300,35,26,NA,610.5888889,NA,3.411111111,RiekGeiser,Omnivore,S,1,TR,N,0,0,0,-14.1,14.8,-6.77,-4.14,8.979592528,6.37518,35.8,32.4,34.5,34,1.533303424,1.33434,23.47847544,-18.501581,NA,687
Chironectes minimus,Didelphimorphia,Chironectes minimus,Chironectes_minimus,Mammal,946,35,24,NA,365.9555556,NA,2.044444444,RiekGeiser,Invertebrate,G,1,TR,N,0,0,0,-10,14.9,-0.84,6.6,6.233136018,5.33736,35.8,31.9,34.5,34,1.929505045,1.63086,18.97157064,-32.63604508,NA,737
Sminthopsis crassicaudata,Dasyuromorphia,Sminthopsis crassicaudata,Sminthopsis_crassicaudata,Mammal,17,35.2,28.6,NA,21.87777778,NA,0.122222222,RiekGeiser,Invertebrate,G,1,T,Y,1,0,1,0.3,6.1,1.655,2.7,2.031479301,1.18608,40.6,38,39.745,38.7,1.77838006,0.88956,-20.5442489,-38.85948181,NA,452
Dasyuroides byrnei,Dasyuromorphia,Dasyuroides byrnei,Dasyuroides_byrnei,Mammal,120,35.2,27.9,NA,82.53888889,NA,0.461111111,RiekGeiser,VertFishScav,G,1,T,Y,1,0,0,5.8,6.3,5.8,5.8,0.212169444,0.14826,38.7,38.3,38.525,38.5,0.18516402,0.14826,-22.73705673,-27.41814505,NA,36
Planigale tenuirostris,Dasyuromorphia,Planigale tenuirostris,Planigale_tenuirostris,Mammal,7,34.5,33,NA,11.43611111,NA,0.063888889,RiekGeiser,Omnivore,G,1,TR,Y,1,0,0,1.8,3.7,2.34,2.7,0.961095933,0.88956,38.8,37.5,38.7,38.6,1.890015358,1.4826,-20.43652835,-35.41024806,NA,189
Isoodon macrourus,Peramelemorphia,Isoodon macrourus,Isoodon_macrourus,Mammal,1551,35.9,30,NA,634.9527778,NA,3.547222222,RiekGeiser,Invertebrate,G,1,T/TR,N,0,1,0,-0.3,13.2,3.465,4.63,4.387775912,2.52042,38.7,36,38.4,38.2,3.38293442,2.07564,-8.186808586,-33.80034924,NA,334
Cercartetus concinnus,Diprotodontia,Cercartetus concinnus,Cercartetus_concinnus,Mammal,18.6,34.4,28,30,22.375,NA,0.125,RiekGeiser,Omnivore,Ar,1,T,HIB,1,0,1,2,4.95,3.9,4.17,0.897191891,0.81543,35,32.6,34.8,34.7,2.210798049,1.77912,-30.24902228,-37.65387886,NA,328
Burramys parvus,Diprotodontia,Burramys parvus,Burramys_parvus,Mammal,44.3,36.1,27.7,30,36.79444444,NA,0.205555556,RiekGeiser,Omnivore,Ar,1,T,HIB,1,0,0,-4.7,-3.4,-4.61,-4.52,0.822018422,0.29652,26.1,21.3,25.32,24.54,2.626059877,2.07564,-36.29227399,-37.22699382,NA,7
Dromiciops gliroides,Microbiotheria,Dromiciops gliroides,Dromiciops_gliroides,Mammal,40.2,35.5,29,NA,31.82222222,NA,0.177777778,RiekGeiser,Invertebrate,S,1,T,HIB,1,0,0,-4.8,1.2,-3.8,-3.6,3.631508172,5.1891,28,23,26.84,25.44,3.166335589,1.77912,-35.47853565,-43.43461227,NA,43
Rousettus amplexicaudatus,Chiroptera,Rousettus amplexicaudatus,Rousettus_amplexicaudatus,Mammal,91.5,36.5,26,NA,104.4166667,NA,0.583333333,RiekGeiser,FruiNect,Ar,1,TR,N,0,0,1,-0.8,21.8,6.8,8.1,5.526360735,1.33434,33.5,31.4,32.5,32.3,1.05507299,0.88956,24.96783559,-10.94086441,NA,779
Eptesicus fuscus,Chiroptera,Eptesicus fuscus,Eptesicus_fuscus,Mammal,15,36,26.7,NA,20.227,NA,0.113,RiekGeiser,Invertebrate,A,1,NA,NA,NA,0,0,-30.8,-25.9,-30.4,-29.8,12.22494767,3.55824,37.2,32,35.4,34.6,4.9641205,2.81694,60.21343559,-2.962464407,NA,803
Lasiurus seminolus,Chiroptera,Lasiurus seminolus,Lasiurus_seminolus,Mammal,9.8,35.1,32,NA,13.425,NA,0.075,RiekGeiser,Invertebrate,A,1,T,Y,1,0,0,-10.8,-2.6,-6.17,-5.27,2.069873249,2.07564,36.1,32.3,35.4,35.1,1.403851534,0.7413,42.52453559,25.12803559,NA,314
Lasiurus borealis,Chiroptera,Lasiurus borealis,Lasiurus_borealis,Mammal,12.2,35.7,32,NA,17.40277778,NA,0.097222222,RiekGeiser,Invertebrate,A,1,T,Y,1,0,0,-24.4,-17.4,-23.86,-23.32,4.588152322,6.07866,38.1,32,34.86,33.2,4.443716022,1.63086,50.31148299,21.73143559,NA,509
Lasiurus intermedius,Chiroptera,Lasiurus intermedius,Lasiurus_intermedius,Mammal,22.6,35.8,34,NA,18.39722222,NA,0.102777778,RiekGeiser,Invertebrate,A,1,T,Y,1,0,0,-9,0.8,-2.27,-0.6,4.845874567,1.26021,37.8,33.4,37,36.1,2.313781034,2.07564,40.89083559,9.610835593,NA,374
Leptonycteris curasoae,Chiroptera,Leptonycteris curasoae,Leptonycteris_curasoae,Mammal,24,35.7,30.5,37,33.81111111,NA,0.188888889,RiekGeiser,Omnivore,Ar,1,TR,N,0,0,0,7.9,21.4,13.695,18.49,2.521575822,0.88956,36,34.3,35.9,35.8,3.332420578,1.63086,12.63063559,2.631235592,NA,174
Choeroniscus godmani,Chiroptera,Choeroniscus godmani,Choeroniscus_godmani,Mammal,10.1,36.6,32,NA,18.89444444,NA,0.105555556,RiekGeiser,Omnivore,Ar,1,TR,N,0,0,0,2.3,20.1,6.84,9,5.331719761,3.26172,37.8,33.6,36.13,35.6,2.468206746,1.77912,25.05363559,0.969835593,NA,615
Uroderma bilobatum,Chiroptera,Uroderma bilobatum,Uroderma_bilobatum,Mammal,16,35.1,28,35.6,26.35277778,NA,0.147222222,RiekGeiser,FruiNect,Ar,1,TR,N,0,0,0,-13.3,14.6,-8.1,-6.4,9.406577441,6.6717,35.9,32.4,35,34.4,1.577952252,1.33434,19.07863559,-25.48506441,NA,727
Platyrrhinus lineatus,Chiroptera,Platyrrhinus lineatus,Platyrrhinus_lineatus,Mammal,22,36.4,28,NA,44.75,NA,0.25,RiekGeiser,FruiNect,Ar,1,NA,NA,NA,0,0,-13.5,9.6,-9.215,-7.63,9.273709531,7.26474,35.6,33.2,35.2,35,5.428512162,2.2239,12.46333559,-33.14486441,NA,538
Artibeus concolor,Chiroptera,Artibeus concolor,Artibeus_concolor,Mammal,20,35.3,28,NA,32.81666667,NA,0.183333333,RiekGeiser,FruiNect,Ar,1,TR,N,0,0,0,13.8,17,14.7,15.1,1.531873231,1.4826,35.7,33.6,35.2,35,1.665406973,1.4826,10.02043559,-13.02236441,NA,485
Mormoops megalophylla,Chiroptera,Mormoops megalophylla,Mormoops_megalophylla,Mammal,16.5,36.9,33.5,39.5,24.36388889,NA,0.136111111,RiekGeiser,Invertebrate,A,1,TR,N,0,0,0,-9.5,18.2,-4.8,-3.5,10.14537103,5.63388,38,33.1,36.465,35.4,2.405656045,2.07564,33.12333559,-6.707064407,NA,648
Pteronotus personatus,Chiroptera,Pteronotus personatus,Pteronotus_personatus,Mammal,14,37.5,34,38.5,22.87222222,NA,0.127777778,RiekGeiser,Invertebrate,A,1,TR,N,0,0,0,-12.1,16.5,7.44,11.3,5.362943165,3.26172,39,32.7,35.7,35.2,2.45020864,2.37216,27.08713559,-16.31896441,NA,895
Pteronotus davyi,Chiroptera,Pteronotus davyi,Pteronotus_davyi,Mammal,9.4,38.8,34.5,43,15.41388889,NA,0.086111111,RiekGeiser,Invertebrate,A,1,TR,N,0,0,0,-2,18.85,3.175,4.95,6.870776023,4.89258,37.8,33.4,36.325,35.75,2.889380899,1.92738,29.71093559,-7.652564408,NA,796
Calomys musculinus,Rodentia,Calomys musculinus,Calomys_musculinus,Mammal,16.9,36.3,27,NA,27.84444444,NA,0.155555556,RiekGeiser,PlantSeed,G,1,T,N,0,0,0,-5.4,2.1,-3.52,-2.9,2.474256255,2.37216,35.1,30.6,34.92,34.7,4.615109325,3.55824,-15.01656441,-48.10826441,NA,177
Microtus agrestis,Rodentia,Microtus agrestis,Microtus_agrestis,Mammal,26.3,37.6,25,NA,63.64444444,NA,0.355555556,RiekGeiser,PlantSeed,G,1,T,N,0,0,0,-47.4,-26.6,-42.615,-40.6,14.02247924,16.3086,32.5,24.9,28.6,27.8,2.926589375,2.52042,71.12249756,39.37810925,NA,1698
Neotoma fuscipes,Rodentia,Neotoma fuscipes,Neotoma_fuscipes,Mammal,187,36.6,23,NA,147.1777778,NA,0.822222222,RiekGeiser,PlantSeed,G,1,T,N,0,0,0,-8.5,-2.1,-8.3,-8.1,3.97582311,6.07866,37.6,27,36.5,36.3,4.446619641,3.26172,45.83543559,34.83583559,NA,61
Clethrionomys rufocanus,Rodentia,Myodes rufocanus,Clethrionomys_rufocanus,Mammal,23.1,36.7,22.5,27.5,57.459,NA,0.321,RiekGeiser,NA,NA,NA,NA,NA,NA,0,0,-52.5,-33.75,-46.5,-42.9,11.60793902,10.74885,29.5,22.4,26.5,25.47,3.965433991,3.26172,72.74603167,38.71749115,NA,2074
Reithrodontomys megalotis,Rodentia,Reithrodontomys megalotis,Reithrodontomys_megalotis,Mammal,10.6,36.8,31,NA,19.88888889,NA,0.111111111,RiekGeiser,PlantSeed,G,1,T,Y,1,0,0,-21.8,-18,-21,-20.6,5.834037571,2.81694,40.1,32.7,38,36.7,4.547709879,4.4478,50.61007376,15.95104427,NA,451
Rattus norvegicus,Rodentia,Rattus norvegicus,Rattus_norvegicus,Mammal,275,37,24,NA,251.316,NA,1.404,RiekGeiser,Omnivore,G,1,NA,NA,NA,0,0,-46.7,-27.1,-40.1,-38.2,12.81591823,13.19514,41.6,29.6,35.2,32.8,8.119577633,4.00302,72.82066455,-11.00485134,NA,2541
Marmota monax,Rodentia,Marmota monax,Marmota_monax,Mammal,6000,37,20,NA,661.3055556,NA,3.694444444,RiekGeiser,Omnivore,G,0,T,HIB,1,0,0,-34.9,-30.35,-33.3,-32.8,3.470671363,2.44629,34.2,24.2,33.6,33.15,6.146295798,8.30256,65.70373559,31.66163559,NA,1136
Octomys mimax,Rodentia,Octomys mimax,Octomys_mimax,Mammal,118.6,36.7,22.2,NA,114.8583333,NA,0.641666667,RiekGeiser,PlantSeed,G,1,T,N,0,0,0,-5.7,-0.7,-5.455,-4.95,2.655239886,3.40998,34.2,32.95,34.1,34.1,4.891772356,1.70499,-28.86118492,-32.84388722,NA,30
Tympanoctomys barrerae,Rodentia,Tympanoctomys barrerae,Tympanoctomys_barrerae,Mammal,71.4,35.7,24.8,NA,77.06944444,NA,0.430555556,RiekGeiser,PlantSeed,G,1,T,N,0,0,0,-3.4,-0.05,-2.995,-2.89,1.675207553,1.85325,33.7,32.45,33.7,33.7,2.394695617,1.85325,-31.15407509,-38.35212277,NA,22
Lagidium viscacia,Rodentia,Lagidium viscacia,Lagidium_viscacia,Mammal,2055,36.7,18.4,NA,698.1,NA,3.9,RiekGeiser,PlantSeed,G,0,T,N,0,0,0,-10.3,-0.8,-6.56,-4.43,4.296384973,4.00302,34.1,29.25,33.045,32.63,4.86076762,3.78063,-14.57075592,-43.30708313,NA,98
Chinchilla chinchilla,Rodentia,Chinchilla chinchilla,Chinchilla_chinchilla,Mammal,454,37.6,22,NA,225.7388889,NA,1.261111111,RiekGeiser,PlantSeed,G,1,T,N,0,0,0,-14,-12,-13.58,-13.22,1.344981174,1.33434,20.5,15.9,20.38,20.16,2.246050665,1.77912,-21.73362939,-23.13056325,NA,13
Erethizon dorsatum,Rodentia,Erethizon dorsatum,Erethizon_dorsatum,Mammal,5530,37.5,7,NA,2779.472222,NA,15.52777778,RiekGeiser,PlantSeed,S,1,T,N,0,0,0,-38.9,-32,-36.015,-34.4,4.055541519,2.81694,44,23.3,37.4,35.3,7.713726469,9.93342,70.83579409,26.93827859,NA,1258
Heliophobius argenteocinereus,Rodentia,Heliophobius argenteocinereus,Heliophobius_argenteocinereus,Mammal,89,34,28,NA,74.58333333,NA,0.416666667,RiekGeiser,PlantSeed,G,0,TR,N,0,0,0,4.8,13.8,5.4,5.7,4.422258095,4.59606,38.1,32.7,36.96,36.5,2.196240122,2.07564,-0.905464407,-18.48036441,NA,189
Zapus hudsonius,Rodentia,Zapus hudsonius,Zapus_hudsonius,Mammal,19,37.3,32,NA,39.201,NA,0.219,RiekGeiser,PlantSeed,G,1,NA,NA,NA,0,0,-34.9,-30.25,-33.4,-33,5.215656556,3.48411,37.1,21.5,34,33,7.392990801,9.04386,65.02593559,31.67323559,NA,1292
Lepus americanus,Lagomorpha,Lepus americanus,Lepus_americanus,Mammal,1581,39.8,10,NA,1196.813889,NA,6.686111111,RiekGeiser,PlantSeed,G,1,T,N,0,0,0,-38.5,-32,-35.4,-35,5.180553557,3.7065,36.7,22.4,32.38,30.1,6.373198853,8.74734,68.59793559,35.47893559,NA,1385
Lepus californicus,Lagomorpha,Lepus californicus,Lepus_californicus,Mammal,2300,39.2,14,NA,1116.263889,NA,6.236111111,RiekGeiser,PlantSeed,G,1,T,N,0,0,0,-18.1,-12.3,-16.7,-15.5,4.157523535,2.2239,39.4,30.3,35.1,34.5,4.104875297,4.59606,47.97623559,19.44143559,NA,387
Lepus townsendii,Lagomorpha,Lepus townsendii,Lepus_townsendii,Mammal,2430,38.2,11,NA,1261.452778,NA,7.047222222,RiekGeiser,PlantSeed,G,1,T,N,0,0,0,-27.4,-22.65,-26.9,-26.6,6.473050183,4.96671,39.1,30.9,34.965,34,3.522847471,2.66868,54.66813559,36.04063559,NA,408
Heterohyrax brucei,Hyracoidea,Heterohyrax brucei,Heterohyrax_brucei,Mammal,2000,36.7,24,NA,718.9833333,NA,4.016666667,RiekGeiser,PlantSeed,S,0,TR,N,0,0,0,1.6,14.15,3.2,4.2,6.76906762,10.30407,42.4,36,41.6,41,3.835321939,4.29954,21.46603559,-24.81476441,NA,398
Erinaceus europaeus,Erinaceomorpha,Erinaceus europaeus,Erinaceus_europaeus,Mammal,749,34,27.5,NA,337.1166667,NA,1.883333333,RiekGeiser,Invertebrate,G,1,T,Y,1,0,0,-21.3,-6.15,-19.895,-18.49,8.860908811,12.37971,32,25.25,30.8,30,3.666057879,4.96671,68.87883559,36.00033559,NA,662
Hemiechinus auritus,Erinaceomorpha,Hemiechinus auritus,Hemiechinus_auritus,Mammal,397,33.8,30,NA,151.6527778,NA,0.847222222,RiekGeiser,Omnivore,G,1,T,Y,1,0,0,-36.9,-21,-32.33,-26.1,12.40177342,5.33736,46.1,31.7,41.7,39.96,7.620204245,6.96822,54.81023559,28.24563559,NA,1135
Hylomys suillus,Erinaceomorpha,Hylomys suillus,Hylomys_suillus,Mammal,67,37.2,31,NA,80.05277778,NA,0.447222222,RiekGeiser,Invertebrate,G,1,TR,N,0,0,1,-3.9,17,0.52,2.64,7.819807246,8.00604,33.5,31.8,32.58,32.46,1.746670278,0.88956,25.70833559,-8.780764407,NA,265
Sorex vagrans,Soricomorpha,Sorex vagrans,Sorex_vagrans,Mammal,5.2,38,32,NA,19.88888889,NA,0.111111111,RiekGeiser,Invertebrate,G,1,T,N,0,0,0,-19.9,-11.45,-19.255,-18.41,7.239334421,9.6369,35.5,26.7,33.6,33,6.062580171,8.00604,51.63043559,36.61183559,NA,210
Sorex coronatus,Soricomorpha,Sorex coronatus,Sorex_coronatus,Mammal,9.4,37.6,27,NA,51.71111111,NA,0.288888889,RiekGeiser,Invertebrate,G,1,T,N,0,0,0,-10.2,-1.8,-8.125,-7.1,3.285332451,3.11346,30,25.4,28.9,28.55,4.395397391,3.92889,53.81046263,40.66541021,NA,256
Sorex araneus,Soricomorpha,Sorex araneus,Sorex_araneus,Mammal,7.5,38,35,NA,46.73888889,NA,0.261111111,RiekGeiser,Invertebrate,G,1,T,N,0,0,0,-42.3,-22.2,-40.075,-37.5,12.82429769,14.97426,31.9,25.9,30,29.65,4.498894851,4.4478,71.13301849,40.67635621,NA,1446
Suncus murinus,Soricomorpha,Suncus murinus,Suncus_murinus,Mammal,52,38.7,27,NA,88.00833333,NA,0.491666667,RiekGeiser,Invertebrate,G,1,T,Y,1,0,1,-23.2,2.4,-14.585,-9.3,10.19986553,7.70952,42.2,32,36.485,35,2.397546739,1.63086,35.47013559,-25.60896441,NA,964
Rangifer tarandus,Cetartiodactyla,Rangifer tarandus,Rangifer_tarandus,Mammal,64500,38,5,NA,23863.68333,NA,133.3166667,RiekGeiser,PlantSeed,G,0,T,N,0,1,0,-45.8,-34.9,-42.5,-41.8,8.376712803,5.78214,30.5,21.3,24.8,24.2,4.642844414,3.7065,83.11063559,45.55333559,NA,3331
Odocoileus virginianus,Cetartiodactyla,Odocoileus virginianus,Odocoileus_virginianus,Mammal,65000,38,-19.9,NA,16879.7,NA,94.3,RiekGeiser,PlantSeed,G,1,T/TR,N,0,0,0,-31.4,-26.8,-30.5,-30.2,17.25349118,2.37216,41.4,32.7,37.3,36.29,5.327054391,4.00302,61.76984961,-17.98169903,NA,972
Alopex lagopus,Carnivora,Vulpes lagopus,Alopex_lagopus,Mammal,3970,37.5,5,NA,2141.038889,NA,11.96111111,RiekGeiser,NA,NA,NA,P,N,0,1,0,-45.8,-34.9,-42.6,-41.9,8.191784632,6.07866,24.1,18.8,22,21.4,4.27221938,3.40998,83.62741852,47.29178766,NA,4099
Vulpes vulpes,Carnivora,Vulpes vulpes,Vulpes_vulpes,Mammal,4440,38.7,8,NA,1500.119444,NA,8.380555556,RiekGeiser,VertFishScav,G,1,Y,N,0,0,0,-44.8,-32.3,-41.755,-39,11.83906746,7.70952,45.6,30.3,41.3,38.7,9.348544769,8.74734,74.04971314,12.59130573,NA,3810
Canis lupus,Carnivora,Canis lupus,Canis_lupus,Mammal,45000,37.5,-20,NA,8072.402778,NA,45.09722222,RiekGeiser,VertFishScav,G,1,T,N,0,1,0,-45.8,-34.7,-42.4,-41.4,10.65691651,6.22692,42.9,25,39.065,35.9,8.863434254,11.41602,83.2795105,11.48660709,NA,3848
Lycaon pictus,Carnivora,Lycaon pictus,Lycaon_pictus,Mammal,30000,37.5,9.2,NA,5908.79,NA,33.01,RiekGeiser,VertFishScav,G,0,NA,NA,NA,0,0,1.8,12.2,2.7,3,5.854635642,6.81996,42.1,36.9,41.9,41,4.40287874,3.92889,24.45075051,-28.43441,NA,380
Procyon lotor,Carnivora,Procyon lotor,Procyon_lotor,Mammal,4400,38,20,NA,2181.313889,NA,12.18611111,RiekGeiser,Omnivore,G,1,T,N,0,0,0,-30.8,-24.8,-30.3,-30,6.944614983,7.413,38.9,32.55,37,35.9,5.702793453,4.67019,58.78243559,7.197935593,NA,802
Procyon cancrivorus,Carnivora,Procyon cancrivorus,Procyon_cancrivorus,Mammal,1160,37.6,26,NA,463.4111111,NA,2.588888889,RiekGeiser,Invertebrate,G,1,TR,N,0,0,0,-2,14.4,3.7,5.14,5.808812968,7.26474,35.4,32.3,34.6,34.1,1.706862187,1.33434,12.46330833,-34.80379843,NA,585
Ursus americanus,Carnivora,Ursus americanus,Ursus_americanus,Mammal,165000,37.5,-30,NA,15256.76667,NA,85.23333333,RiekGeiser,FruiNect,G,1,T,HIB,1,0,0,-38.5,-32.1,-36.1,-35.5,5.780582792,4.4478,41.8,23.65,34.6,33.29,7.333162869,10.15581,68.40353559,22.94303559,NA,1332
Taxidea taxus,Carnivora,Taxidea taxus,Taxidea_taxus,Mammal,9000,38,10,NA,2695.938889,NA,15.06111111,RiekGeiser,VertFishScav,G,1,T,N,0,0,0,-30.7,-26.8,-29.4,-29.1,6.914861713,2.2239,40.4,29.4,36.925,35.35,4.989161441,4.89258,60.00648478,16.89628824,NA,636
Chinchilla lanigera,Rodentia,Chinchilla lanigera,Chinchilla_lanigera,Mammal,426,34.85,22,35,234.49,NA,1.31,Bozinovic,PlantSeed,G,1,NA,NA,NA,0,0,-1.8,1.9,-1.24,-0.68,2.077257808,1.4826,24.9,24.2,24.86,24.82,1.879361594,1.03782,-29.72644614,-31.73566869,NA,5
Coendou prehensilis,Rodentia,Coendou prehensilis,Coendou_prehensilis,Mammal,3280,36.85,21.86,34,916.8777778,NA,5.122222222,Bozinovic,PlantSeed,Ar,1,TR,N,0,0,0,1.8,13.6,7.8,8.8,3.869769154,4.15128,35.1,32.3,34.1,33.5,3.178308119,1.03782,11.46396637,-27.95818554,NA,481
Dipodomys agilis,Rodentia,Dipodomys agilis,Dipodomys_agilis,Mammal,61,37.15,26,36,63.64444444,NA,0.355555556,Bozinovic,Omnivore,G,1,T,N,0,0,0,-7.9,0.5,-6.28,-5.52,3.001427351,1.4826,37.8,32.3,37.14,36.9,5.427035144,5.48562,36.33535151,33.90421901,NA,47
Rattus rattus,Rodentia,Rattus rattus,Rattus_rattus,Mammal,225,38.15,26.25,33,167.5638889,NA,0.936111111,Bozinovic,Omnivore,G,1,W,N,0,0,1,-40.5,-6.3,-29.7,-25.58,12.61637559,11.1195,42.9,32,41.1,37.88,4.959748568,1.77912,61.72042101,-34.8398287,NA,2113
Carduelis tristis,Passeriformes,Carduelis tristis,Carduelis_tristis,Bird,14.5,39.6,19.5,NA,67.4,2.32,0.302777778,Canterbury,PlantSeed,NA,0,T,N,0,0,0,-28.2,-25.9,-27.5,-27.2,6.443753364,1.63086,39.7,31.5,37.1,36.09,5.942725922,6.22692,57.36407471,18.5927124,Carduelis_tristis_22720407,842
Mniotilta varia,Passeriformes,Mniotilta varia,Mniotilta_varia,Bird,8.2,39,29.6,NA,22.6,0.97,0.12727,Canterbury,Invertebrate,NA,0,NA,NA,NA,0,0,-33,-28.4,-32.3,-32,7.191924024,3.85476,37.8,32.9,36.2,35.6,6.475600392,3.40998,65.03729248,-7.664611817,Mniotilta_varia_22721758,885
Spizella passerina,Passeriformes,Spizella passerina,Spizella_passerina,Bird,11.9,40.8,25.9,NA,34.5,1.67,0.194444444,Canterbury,PlantSeed,NA,0,T,N,0,0,0,-35.4,-31.9,-34.5,-34.3,4.538706036,3.26172,37.9,26.6,35.5,34.14,7.336019747,9.6369,66.23931885,9.859680176,Spizella_passerina_22721162,1097
Geothlypis trichas,Passeriformes,Geothlypis trichas,Geothlypis_trichas,Bird,10.6,41,32,NA,30.9,0.93,0.17622,Canterbury,Invertebrate,NA,0,NA,NA,NA,0,0,-34.1,-29.1,-33,-32.1,4.715821588,1.4826,37.8,31.6,36.1,35.4,7.526803447,5.9304,65.84112549,3.903686524,Geothlypis_trichas_22721836,1045
Sayornis phoebe,Passeriformes,Sayornis phoebe,Sayornis_phoebe,Bird,21.6,41.2,26.2,NA,61.6,2.57,0.344444444,Canterbury,Invertebrate,NA,0,T,N,0,0,0,-34.8,-29.1,-34.4,-34.26,7.516035888,7.413,40.1,26.5,35.1,33.2,5.97826199,7.85778,65.21490479,17.55212402,Sayornis_phoebe_22699886,805
Passerella iliaca,Passeriformes,Passerella iliaca,Passerella_iliaca,Bird,30.7,41.3,19,NA,66.9,2.11,NA,Canterbury,Omnivore,NA,0,NA,NA,NA,0,0,-39,-31.6,-36.5,-36,5.423450677,4.29954,41.7,22.4,37.7,35.86,8.564590022,10.82298,70.63909912,25.60968018,Passerella_iliaca_22721052,1385
Ammodramus savannarum,Passeriformes,Ammodramus savannarum,Ammodramus_savannarum,Bird,13.8,25.3,25,NA,31.9,1.99,0.177777778,Canterbury,Invertebrate,NA,0,T,N,0,0,0,-25.8,-17.4,-24.2,-23.78,9.476655522,6.81996,37.8,32.9,36.6,35.78,3.787698289,2.52042,51.58392334,3.30847168,Ammodramus_savannarum_22721144,693
Vermivora celata,Passeriformes,Vermivora celata,Vermivora_celata,Bird,9.3,39.9,25,NA,26.6,1.15,0.151745,Canterbury,Invertebrate,NA,0,NA,NA,NA,0,0,-37.8,-31.7,-34.5,-34,3.978368335,2.81694,37.8,21.8,35.6,34.8,8.112075189,9.6369,68.99487305,14.25750732,Vermivora_celata_22721624,1311
Dendroica palmarum,Passeriformes,Dendroica palmarum,Dendroica_palmarum,Bird,9.8,40.9,25.5,NA,27.9,1.16,0.155555556,Canterbury,Invertebrate,NA,0,T,N,0,0,0,-33.4,-30.3,-32.9,-32.7,5.328537211,3.26172,36.9,29.5,33.735,33.1,5.247994976,5.33736,65.14550781,8.318908692,Dendroica_palmarum_22721731,874
Dendroica pinus,Passeriformes,Dendroica pinus,Dendroica_pinus,Bird,12,40.3,23.9,NA,32.4,1.73,0.177777778,Canterbury,Invertebrate,NA,0,T,N,0,0,0,-27.2,-20.4,-26.5,-24.6,6.163040155,3.7065,36.6,32.2,34.3,33.54,2.346906596,0.88956,52.12091064,17.6060791,Dendroica_pinus_22721719,387
Passerculus sandwichensis,Passeriformes,Passerculus sandwichensis,Passerculus_sandwichensis,Bird,15.9,39.8,21,NA,40.2,1.94,0.222222222,Canterbury,Omnivore,NA,0,T,N,0,0,0,-40,-31.4,-38.9,-37.6,8.271050561,4.74432,37.8,21.8,35.6,34.9,8.43941294,10.67472,71.39068603,15.64569092,Passerculus_sandwichensis_22721110,1453
Melospiza melodia,Passeriformes,Melospiza melodia,Melospiza_melodia,Bird,19.1,40.9,23,NA,45.5,2.46,0.25,Canterbury,Omnivore,NA,0,T,N,0,0,0,-34.9,-27.15,-34.1,-33.2,9.184732451,6.89409,40.7,22.1,34.8,33,8.016909157,10.52646,62.5703125,18.98571777,Melospiza_melodia_22721058,1388
Melospiza georgiana,Passeriformes,Melospiza georgiana,Melospiza_georgiana,Bird,14.9,39.7,25,NA,38.1,2.07,0.211111111,Canterbury,Omnivore,NA,0,T,N,0,0,0,-35.1,-31.5,-34.8,-34.6,5.613214221,4.29954,40.6,25.8,34.165,32.9,6.057211643,8.8956,66.72167969,17.92388916,Melospiza_georgiana_22721070,928
Pooecetes gramineus,Passeriformes,Pooecetes gramineus,Pooecetes_gramineus,Bird,21.5,39.5,22.9,NA,49,2.37,0.27412,Canterbury,Omnivore,NA,0,NA,NA,NA,0,0,-30.9,-25.5,-30,-29.6,5.812822882,2.52042,37.5,31.6,35.6,34.6,4.099067354,3.55824,61.61352539,15.9810791,Pooecetes_gramineus_22721188,776
Zonotrichia leucophrys,Passeriformes,Zonotrichia leucophrys,Zonotrichia_leucophrys,Bird,28.6,40.9,22.7,NA,68.7,3.58,0.336111111,Canterbury,PlantSeed,NA,0,T,N,0,0,0,-40,-31.8,-38.885,-37.6,5.504982939,4.89258,39.8,22.4,34.885,33.4,7.991819333,10.82298,70.63909912,19.1585083,Zonotrichia_leucophrys_22721088,1364
Dendroica coronata,Passeriformes,Dendroica coronata,Dendroica_coronata,Bird,11.5,40.5,23,NA,33.8,1.76,0.188888889,Canterbury,Invertebrate,NA,0,T,N,0,0,0,-36.6,-31.6,-35.8,-35.1,5.108348294,3.40998,37.8,24.3,35.7,34.9,8.438392242,12.15732,69.22528076,5.657104492,Dendroica_coronata_22721676,1344
